" たまったポイントは、何に使えますか?",Myページ
" ポイント交換商品の申込み方法を教えてください。",Myページ
" ポイント進呈の対象となる料金を教えてください。",Myページ
" ポイント電池パック交換サービスについて教えてください。",Myページ
" ポイント電池パック交換サービスは、現金で申込みできますか?",Myページ
" ポイント電池パック交換サービスを申込みしました。商品が届くまで、どれくらいかかりますか?",Myページ
" 一括請求の子回線から、ポイント交換商品の申込みはできますか?",Myページ
"Myページアプリで、データの自動更新が失敗してしまいます。どのようなことが考えられますか?",Myページ
"Myページアプリについて教えてください。",Myページ
"Myページアプリの、パスコードについて教えてください。",Myページ
"Myページアプリのウィジェットを表示する設定方法を教えてください。",Myページ
"Myページアプリのウィジェット機能で、表示できる項目を教えてください。",Myページ
"Myページアプリのデータは、microSDメモリーカードなどに保存したり、削除することはできますか?",Myページ
"Myページアプリのデータを、Wi-Fi接続時のみ自動更新する設定方法を教えてください。",Myページ
"Myページアプリのデータを、手動更新する方法を教えてください。",Myページ
"Myページアプリのデータを、自動更新する設定方法を教えてください。",Myページ
"Myページアプリのパスコードを忘れてしまったり、ロックがかかった場合はどうしたらいいですか?",Myページ
"Myページアプリのパスコードを間違えると、ロックはかかりますか?",Myページ
"Myページアプリは、Wi-Fi接続で利用できますか?",Myページ
"Myページアプリは、複数のアカウントを登録して利用できますか?",Myページ
"Myページからビジネス安心安全マネージャーのオプションを全て申込みできますか?",Myページ
"Myページにログインできない場合、どうしたらいいですか?",Myページ
"Myページの「オンライン手続き」で、家族名義の回線の各種手続き(料金プラン変更など)はできますか?",Myページ
"Myページの「オンライン手続き」で、携帯電話の解約はできますか?",Myページ
"Myページの「オンライン手続き」で手続きを行った場合、契約内容はいつ変更されますか?",Myページ
"Myページの「オンライン手続き」で手続き中にエラー画面が表示されます。どうしたらいいですか?",Myページ
"Myページの「オンライン手続き」で申込みした内容は、確認できますか?",Myページ
"Myページの「オンライン手続き」について教えてください。",Myページ
"Myページの「オンライン手続き」は、いつメンテナンスを行っていますか?",Myページ
"Myページの「ご利用データ量確認(3日間)/(当月ご利用分)」サイトについて教えてください。",Myページ
"Myページの「ご契約内容確認・変更」画面の氏名や住所が正しく表示されていないのは、どうしてですか?",Myページ
"Myページの「商品など購入履歴の確認」で、確認できる内容について教えてください。",Myページ
"Myページのセキュリティについて教えてください。",Myページ
"Myページのトップ画面に表示される「機種ご利用期間」について教えてください。",Myページ
"Myページのトップ画面右側に表示される「機種」が、現在利用している機種と違う場合、どうすればいいですか?",Myページ
"Myページのメールマガジン「Myページ Guide」を受信すると、セキュリティ警告が出るなど正常に受信できないのはどうしてですか?",Myページ
"Myページのメールマガジンからウイルス感染の心配はありませんか?",Myページ
"Myページの登録情報変更について教えてください。",Myページ
"Myページやポイントクラブサイトに表示される、ニックネームについて教えてください。",Myページ
"Myページを利用する際の、認証方法(認証キー)を教えてください。",Myページ
"アカウントのID/パスワードを変更(再発行)しても、Myページアプリは引き続き利用できますか?",Myページ
"インターネットで、料金プラン変更はできますか?",Myページ
"ご利用料金管理サービスについて教えてください。",Myページ
"データモード版「Myページ(お客様サポート)」の「ご利用料金の確認」や「オンライン手続き」は、Wi-Fi接続で利用できますか?",Myページ
"の総合カタログは、どこで請求できますか?",Myページ
"パソコン版Myページの利用に、料金はかかりますか?",Myページ
"パソコン版ホームページのオートログインについて教えてください。",Myページ
"ビジネスプレミアクラブについて教えてください。",Myページ
"ビジネス安心安全マネージャーについて教えてください。",Myページ
"ビジネス安心安全マネージャーの詳しい操作方法はどのように確認できますか?",Myページ
"ビジネス安心安全マネージャー管理者サイトへのログインはどのように行うのでしょうか?",Myページ
"ホームページ/Myページの推奨環境を教えてください。",Myページ
"個人名義で一括請求を組んでいます。一括請求の代表回線でMyページの「オンライン手続き」にログインした場合、子回線の手続きはできますか?",Myページ
"各種料金プラン/割引サービスの、解約金がかからない月や契約期間は、Myページで確認できますか?",Myページ
"安心安全マネージャーへログインできない場合、どうしたらいいですか?(ご契約中のお客様)",Myページ
"携帯電話の解約/携帯電話・PHS番号ポータビリティ(MNP)を利用して解約した後に、パソコン版Myページは利用できますか?",Myページ
"法人名義の場合、Myページの「オンライン手続き」は利用できますか?",Myページ
"iOS版アカウント設定アプリの機能について教えてください。",アカウント・パスワード
"PIN1コード・PIN2コードについて教えてください。",アカウント・パスワード
"PIN1コード・PIN2コードを忘れた場合、どうしたらいいですか?",アカウント・パスワード
"PINロック解除コード(PUK)について教えてください。",アカウント・パスワード
"PINロック解除コード(PUK)の、確認方法を教えてください。",アカウント・パスワード
"アカウント(の回線をお持ちでない方向け)の、発行・確認・変更方法を教えてください。",アカウント・パスワード
"アカウントとNTTファイナンスの「Webビリング」のID/パスワードを連携登録しています。連携を解除できますか?",アカウント・パスワード
"アカウントについて教えてください。",アカウント・パスワード
"アカウントに対応しているのサービスは、アカウントポータルサイトで確認できますか?",アカウント・パスワード
"アカウントの、シングルサインオンについて教えてください。",アカウント・パスワード
"アカウントのID/パスワードで、NTTファイナンスの「Webビリング」にログインできますか?",アカウント・パスワード
"アカウントのID/パスワードに、有効期限はありますか?",アカウント・パスワード
"アカウントのID/パスワードにおける、2段階認証の設定/解除方法を教えてください。",アカウント・パスワード
"アカウントのID/パスワードの、2段階認証について教えてください。",アカウント・パスワード
"アカウントのID/パスワードの、IDを変更する方法を教えてください。",アカウント・パスワード
"アカウントのID/パスワードの、かんたんログインについて教えてください。",アカウント・パスワード
"アカウントのID/パスワードの、パスワードを変更する方法を教えてください。",アカウント・パスワード
"アカウントのID/パスワードの、発行・再発行方法を教えてください。",アカウント・パスワード
"アカウントのID/パスワードのロックを解除しても、何度もロックされてしまいます。どうしてですか?",アカウント・パスワード
"アカウントのID/パスワードを忘れた場合、どうしたらいいですか?",アカウント・パスワード
"アカウントのID/パスワードを発行する際に登録する、予備メールアドレスについて教えてください。",アカウント・パスワード
"アカウントのID/パスワードを間違えたら、ロックがかかりますか?",アカウント・パスワード
"アカウントのIDにのメールアドレス(@.ne.jp)を利用しています。メールアドレスを変更した場合、アカウントのIDはどうなりますか?",アカウント・パスワード
"アカウントのワンタイムキーについて教えてください。",アカウント・パスワード
"アカウントの利用履歴は、確認できますか?",アカウント・パスワード
"アカウントを変更した場合、変更前のアカウントは他のお客様に取得される可能性がありますか?",アカウント・パスワード
"アカウント設定について教えてください。",アカウント・パスワード
"アカウント設定のエラーコードには、どのようなものがありますか?",アカウント・パスワード
"アプリパスワードについて教えてください。",アカウント・パスワード
"アプリパスワードを忘れた場合、どうしたらいいですか?",アカウント・パスワード
"データモードパスワード/データモードパスワードは、入力を間違えるとロックがかかりますか?",アカウント・パスワード
"データモードパスワード/データモードパスワードは、変更できますか?",アカウント・パスワード
"データモードパスワード/データモードパスワードを忘れてしまった場合、どうしたらいいですか?",アカウント・パスワード
"データモードパスワードについて教えてください。",アカウント・パスワード
"データモードパスワードについて教えてください。",アカウント・パスワード
"で利用する暗証番号やパスワードには、どのようなものがありますか?",アカウント・パスワード
"ネットワーク暗証番号について教えてください。",アカウント・パスワード
"ネットワーク暗証番号の変更は、どこでできますか?",アカウント・パスワード
"ネットワーク暗証番号は、何回入力を間違えるとロックがかかりますか?",アカウント・パスワード
"ネットワーク暗証番号を忘れてしまったり、ロックがかかってしまった場合、どうしたらいいですか?",アカウント・パスワード
"リミットパスワードについて教えてください。",アカウント・パスワード
"携帯電話を解約した場合、アカウントのID/パスワードは継続して利用できますか?",アカウント・パスワード
"生体認証を利用してログインや決済をするための、設定/解除方法を教えてください。",アカウント・パスワード
"端末暗証番号は、変更できますか?",アカウント・パスワード
"端末暗証番号を忘れた場合、どうしたらいいですか?",アカウント・パスワード
"自分の携帯電話番号を、アカウントのIDに設定できますか?",アカウント・パスワード
"iTunes コード、Apple Music コードに使用条件はありますか?",オンラインストア
"U25応援割は、オンラインショップで申込みできますか?",オンラインストア
"オンラインショップから通知されるメールの受信設定をするには、どうしたらいいですか?",オンラインストア
"オンラインショップで、ポイント/ポイント(期間・用途限定)/ポイントや各種クーポンを利用することはできますか?",オンラインストア
"オンラインショップで、何ができますか?",オンラインストア
"オンラインショップで、修理の受付や代替機を貸出してもらうことはできますか?",オンラインストア
"オンラインショップで、携帯電話を分割払いで購入できますか?",オンラインストア
"オンラインショップで、料金プランの変更やオプションサービスの申込みはできますか?",オンラインストア
"オンラインショップで、新商品は発売日の何時から購入できますか?",オンラインストア
"オンラインショップで、新規契約/携帯電話・PHS番号ポータビリティ(MNP)による新規契約の手続きはできますか?",オンラインストア
"オンラインショップで、領収証をもらうことはできますか?",オンラインストア
"オンラインショップでiTunes コード/Apple Music コードを購入しました。後からスマートフォンや スマートフォンでiTunes コード/Apple Music コードを確認することはできますか?",オンラインストア
"オンラインショップでiTunes コード/Apple Music コードを購入しました。後からパソコンでiTunes コード/Apple Music コードを確認することはできますか?",オンラインストア
"オンラインショップでの商品価格を教えてください。",オンラインストア
"オンラインショップでの申込みに関して、個人情報などのセキュリティは大丈夫ですか?",オンラインストア
"オンラインショップでの購入代金の支払い方法について教えてください。",オンラインストア
"オンラインショップでは、一度に何回線まで購入できますか?",オンラインストア
"オンラインショップでは、契約事務手数料がかかりますか?",オンラインストア
"オンラインショップで予約した場合、商品予約に有効期限はありますか?",オンラインストア
"オンラインショップで予約する場合、手数料などの料金はかかりますか?",オンラインストア
"オンラインショップで予約する場合、色違いなどの複数の端末を、同一回線で予約することはできますか?",オンラインストア
"オンラインショップで商品を購入する際、旧端末の下取りの申込み項目が表示されません。どうしてですか?",オンラインストア
"オンラインショップで手続き中にエラー画面が表示されました。どうしたらいいですか?",オンラインストア
"オンラインショップで携帯電話の解約はできますか?",オンラインストア
"オンラインショップで携帯電話を購入した場合の、毎月の料金のシミュレーションはできますか?",オンラインストア
"オンラインショップで携帯電話を購入する場合、月々のお支払いに口座振替を選択できますか?",オンラインストア
"オンラインショップで料金プラン/割引サービスの変更を行った場合、いつから適用になりますか?",オンラインストア
"オンラインショップで新規契約する場合、本人確認書類はどのように送ればいいですか?",オンラインストア
"オンラインショップで新規契約や機種変更をする場合、携帯電話を分割払いで購入できますか?",オンラインストア
"オンラインショップで機種変更/契約変更と同時に、料金プラン変更などはできますか?",オンラインストア
"オンラインショップで機種変更/契約変更をする場合、料金プラン「カケホーダイ&パケあえる」に変更せず、現行の料金プランのままで手続きできますか?",オンラインストア
"オンラインショップで機種変更した場合、ケータイ補償 お届けサービス/ケータイ補償サービスの補償対象端末は、いつから変更になりますか?",オンラインストア
"オンラインショップで機種変更をする場合、おサイフケータイは継続して利用できますか?",オンラインストア
"オンラインショップで注文完了後に表示される「受付番号」について教えてください。",オンラインストア
"オンラインショップで申込みした内容を、確認することはできますか?",オンラインストア
"オンラインショップで申込みした内容をキャンセルする場合、どうしたらいいですか?",オンラインストア
"オンラインショップで申込みをしましたが、申込み受付メールが届きません。メールを再送してもらえますか?",オンラインストア
"オンラインショップで申込んだ内容を変更できますか?",オンラインストア
"オンラインショップで端末を購入した後に、料金プランの変更はできますか?",オンラインストア
"オンラインショップで端末を購入する場合、カケホーダイプランを単独で申込みできますか?",オンラインストア
"オンラインショップで端末を購入する際、下取りプログラムを申込みました。端末は届いたのに送付キットが届きません。どうしてですか?",オンラインストア
"オンラインショップで購入したiTunesコードのチャージが、エラーになってしまう場合、どうしたらいいですか?",オンラインストア
"オンラインショップで購入した商品が届かない場合、どうしたらいいですか?",オンラインストア
"オンラインショップで購入した商品が届くまで、現在の携帯電話は利用できますか?",オンラインストア
"オンラインショップで購入した商品の受取方法について教えてください。",オンラインストア
"オンラインショップで購入した商品の受取日時は変更できますか?",オンラインストア
"オンラインショップで購入した商品の返品/交換の手続きは、どのようにすればいいですか?",オンラインストア
"オンラインショップで購入した商品の返品/交換はできますか?",オンラインストア
"オンラインショップで購入した商品の送付先は、変更できますか?",オンラインストア
"オンラインショップで購入した商品の配送状況は、確認できますか?",オンラインストア
"オンラインショップで購入した商品は、いつ届きますか?",オンラインストア
"オンラインショップで購入した商品は、代理人でも受け取れますか?",オンラインストア
"オンラインショップで購入した商品は、宅配ボックスに入れてもらえますか?",オンラインストア
"オンラインショップで購入した商品は、海外へ配送できますか?",オンラインストア
"オンラインショップで購入した商品を、ショップで受け取ることはできますか?",オンラインストア
"オンラインショップで購入した商品をショップで受け取る場合、いつまでに取りに行けばいいですか?",オンラインストア
"オンラインショップで購入した商品をショップで受け取る場合、ご利用開始(開通)のお手続きや初期設定は行ってもらえますか?",オンラインストア
"オンラインショップで購入した商品を宅配で受け取る場合、送料はかかりますか?",オンラインストア
"オンラインショップで購入した商品を返品する場合、どうしたらいいですか?",オンラインストア
"オンラインショップで購入した商品を返品する場合、送料はかかりますか?",オンラインストア
"オンラインショップで購入した携帯電話に、電話帳などのデータを移す方法を教えてください。",オンラインストア
"オンラインショップで購入した携帯電話の修理は、どこでできますか?",オンラインストア
"オンラインショップで購入した携帯電話は、到着してそのまま利用できますか?",オンラインストア
"オンラインショップで購入した端末の、SIMロック解除はできますか?",オンラインストア
"オンラインショップで購入する際に、メール便を選択できないのはどうしてですか?",オンラインストア
"オンラインショップで購入する際に、購入手続き中に表示される配送希望日以外の日を選択できますか?",オンラインストア
"オンラインショップで購入手続きする際に、実際のお届け可能日は確認できますか?",オンラインストア
"オンラインショップの商品は、在庫確認できますか?",オンラインストア
"オンラインショップの商品は、配送日時を指定できますか?",オンラインストア
"オンラインショップの営業時間を教えてください。",オンラインストア
"オンラインショップを利用するための推奨ブラウザを教えてください。",オンラインストア
"オンラインショップを利用する場合、ブラウザ設定で気をつけることはありますか?",オンラインストア
"オンラインショップを利用する場合、何が必要ですか?",オンラインストア
"データ通信専用プランを利用している場合、オンラインショップで基本プランのカケホーダイプラン/カケホーダイライトプラン/シンプルプランは申込みできますか?",オンラインストア
"パソコンでオンラインショップを利用したいのですが、アカウントのID/パスワードを忘れてしまいました。どうしたらいいですか?",オンラインストア
"未成年ですが、オンラインショップは利用できますか?",オンラインストア
"法人名義で契約している場合、オンラインショップは利用できますか?",オンラインストア
"購入中に、エラーコード「36617」が表示されて買えません。どうしたらいいですか?",オンラインストア
"音声通話非対応機種を利用している場合、オンラインショップで音声通話可能なプランの申込みはできますか?",オンラインストア
"代金の振込先について",クレーム
"画面が黒くなる",クレーム
"請求書に関する質問をオンラインですることはできますか？",クレーム
"請求書を複数人に配信することは可能ですか？",クレーム
"オンラインサポートとは、どのようなサービスですか。",サービス
"お客さま管理者サイトを利用したいです。対象OS・ブラウザーを教えてください。",サービス
" サービスパックの、安心安全パックと安心安全パックプラスの違いについて教えてください。",セキュリティ・安心
" サービスパックの安心安全パックの申込み/廃止は、どこでできますか?",セキュリティ・安心
" サイクル保険について教えてください。",セキュリティ・安心
" スマートフォンのウイルスに対する、の対策を教えてください。",セキュリティ・安心
" ワンタイム保険について教えてください。",セキュリティ・安心
" 安心安全スキャンについて教えてください。",セキュリティ・安心
" 安心安全スキャンの、セーフブラウジング(危険サイト対策機能)について教えてください。",セキュリティ・安心
" 安心安全スキャンの、セキュリティスキャン(ウイルス検出機能)について教えてください。",セキュリティ・安心
" 安心安全スキャンの、手動スキャンの操作方法を教えてください。",セキュリティ・安心
" 安心安全スキャンのセキュリティスキャン(ウイルス検出機能)とメールウイルスチェックは、安心安全ネットセキュリティを申込みしなくても利用できますか?",セキュリティ・安心
" 安心安全スキャンのセキュリティスキャン/セーフブラウジングが、有効になっているか確認できますか?",セキュリティ・安心
" 安心安全スキャンのセキュリティスキャンで、ウイルスの脅威や不審なプログラム(PUP)が検出されました。どうしたらいいですか?",セキュリティ・安心
"「アクセス制限エラー」や「アクセス制限によりこのページにはアクセスできません。」と表示されて、サイトが利用できないのはどうしてですか?",セキュリティ・安心
"Android OS搭載の スマートフォン/ タブレットを利用しています。サイト閲覧中にウイルス感染した警告画面が表示された場合、どうしたらいいですか?",セキュリティ・安心
"アクセス制限サービス(データモードフィルタ/データモードフィルタなど)の廃止は、どこでできますか?",セキュリティ・安心
"アクセス制限サービスでは、どのようなサイトが制限されますか?",セキュリティ・安心
"アクセス制限サービスについて教えてください。",セキュリティ・安心
"アクセス制限サービスのWeb制限について教えてください。",セキュリティ・安心
"アクセス制限サービスは、契約者が成人(20歳)すると自動的に解除されますか?",セキュリティ・安心
"オトシモノかんたんサーチについて教えてください。",セキュリティ・安心
"オトシモノかんたんサーチの探される側は、どのような設定が必要ですか?",セキュリティ・安心
"オトシモノサーチ/オトシモノかんたんサーチで、知らないうちに探されることはありますか?",セキュリティ・安心
"オトシモノサーチ/オトシモノかんたんサーチで検索されたくない場合、拒否することはできますか?",セキュリティ・安心
"オトシモノサーチ/オトシモノかんたんサーチの、対応機種を教えてください。",セキュリティ・安心
"オトシモノサーチ/オトシモノかんたんサーチの検索に失敗しました。どうしてですか?",セキュリティ・安心
"オトシモノサーチ/オトシモノかんたんサーチは、探される側の端末が圏外や電源OFFでも検索できますか?",セキュリティ・安心
"オトシモノサーチ/オトシモノかんたんサーチは、検索された履歴を確認できますか?",セキュリティ・安心
"オトシモノサーチでキッズケータイ(F-03J/HW-02C/HW-01D/HW-01G)を探す場合、設定は必要ですか?",セキュリティ・安心
"オトシモノサーチで探される側の利用条件や、必要な設定を教えてください。",セキュリティ・安心
"オトシモノサーチと、オトシモノかんたんサーチの違いを教えてください。",セキュリティ・安心
"オトシモノサーチについて教えてください。",セキュリティ・安心
"オトシモノサーチの、ちょこっと通知検索について教えてください。",セキュリティ・安心
"オトシモノサーチの探される側が機種変更/契約変更した場合、必要な設定を教えてください。",セキュリティ・安心
"オトシモノサーチの申込み/廃止は、どこでできますか?",セキュリティ・安心
"オトシモノサーチを申込みしています。携帯電話やパソコンから検索する方法を教えてください。",セキュリティ・安心
"オトシモノサービスサイトについて教えてください。",セキュリティ・安心
"オトシモノサービスの申込み/廃止は、どこでできますか?",セキュリティ・安心
"オンライン修理受付サービスについて教えてください。",セキュリティ・安心
"ケータイデータお預かりサービスで、お預かりセンターにバックアップしている電話帳データを、携帯電話に復元する操作方法を教えてください。",セキュリティ・安心
"ケータイデータお預かりサービスで、お預かりセンターへバックアップする方法を教えてください。",セキュリティ・安心
"ケータイデータお預かりサービスについて教えてください。",セキュリティ・安心
"ケータイデータお預かりサービスの、うっかり防止機能について教えてください。",セキュリティ・安心
"ケータイデータお預かりサービスのお預かりセンターでバックアップしているデータは、確認できますか?",セキュリティ・安心
"スマートフォンや スマートフォンを子どもが利用します。出会い系サイトなどの有害サイトを閲覧できないようできますか?",セキュリティ・安心
"つながりほっとサポートについて教えてください。",セキュリティ・安心
"データモード/データモードのアクセス制限サービスの違いを教えてください。",セキュリティ・安心
"データモードフィルタカスタマイズの設定方法を教えてください。",セキュリティ・安心
"ネットトータルサポートについて教えてください。",セキュリティ・安心
"ネットトータルサポートの申込み/廃止は、どこでできますか?",セキュリティ・安心
"ネットワーク利用制限について教えてください。",セキュリティ・安心
"ネットワーク利用制限携帯電話機確認サイトの結果で表示される「△」とは、どういう意味ですか?",セキュリティ・安心
"は迷惑メール送信者に対して、どのような法的措置(勧告・警告)を実施していますか?",セキュリティ・安心
"メール/データモードメール/データモードメールの、メール機能停止について教えてください。",セキュリティ・安心
"メールの「迷惑メール用」フォルダについて教えてください。",セキュリティ・安心
"をかたった迷惑メールが届きました。どうしたらいいですか?",セキュリティ・安心
"修理代金安心サポートについて教えてください。",セキュリティ・安心
"出会い系サイト(アダルトサイト)の料金を架空請求されたが、携帯電話番号から自分の個人情報が知られてしまうことはないですか?",セキュリティ・安心
"受信した緊急速報「エリアメール」の、確認/削除方法を教えてください。",セキュリティ・安心
"安心安全ナンバーチェックと、迷惑電話ストップサービスの違いを教えてください。",セキュリティ・安心
"安心安全ナンバーチェックについて教えてください。",セキュリティ・安心
"安心安全ナンバーチェックの、着信時の動作設定について教えてください。",セキュリティ・安心
"安心安全ナンバーチェックの申込み/廃止は、どこでできますか?",セキュリティ・安心
"安心安全ネットセキュリティ(セキュリティスキャン/セーフブラウジング/プライバシーチェック/迷惑メールおまかせブロック/メールウイルスチェック/安心安全ナンバーチェック)の、申込み/廃止はどこでできますか?",セキュリティ・安心
"安心安全ネットセキュリティについて教えてください。",セキュリティ・安心
"安心安全ネットセキュリティを契約中の場合、迷惑メールおまかせブロックを利用する手続きは、どこでできますか?",セキュリティ・安心
"安心安全フィルター(Android版)アプリを無効化する場合、どうしたらいいですか?",セキュリティ・安心
"安心安全フィルター(Android版)について教えてください。",セキュリティ・安心
"安心安全フィルター(Android版)の、「かんたん端末設定」について教えてください。",セキュリティ・安心
"安心安全フィルター(Android版)の、パスワードについて教えてください。",セキュリティ・安心
"安心安全フィルター(Android版)のパスワードを忘れた場合、どうしたらいいですか?",セキュリティ・安心
"安心安全遠隔サポートについて教えてください。",セキュリティ・安心
"安心安全遠隔サポートの申込み/廃止は、どこでできますか?",セキュリティ・安心
"携帯電話から削除してしまったメール/画像/電話帳のデータを、元に戻すことはできますか?",セキュリティ・安心
"携帯電話に電話をしたら、「おかけになった電話番号への通話は、おつなぎできません。」とガイダンスが流れました。どうしてですか?",セキュリティ・安心
"楽々スマホ講座について教えてください。",セキュリティ・安心
"機種変更/契約変更でデータモード⇔データモードに変更する場合、ケータイデータお預かりサービスでお預かりセンターに預けているデータは、引き継がれますか?",セキュリティ・安心
"災害用伝言板について教えてください。",セキュリティ・安心
"無料故障修理サービスについて教えてください。",セキュリティ・安心
"端末本体とケータイデータお預かりサービスのお預かりセンター両方の、電話帳データを誤って削除してしまいました。復元できますか?",セキュリティ・安心
"端末機能の、非通知着信拒否と通知不可能着信拒否の違いを教えてください。",セキュリティ・安心
"端末機能の指定電話番号着信拒否を設定しています。設定している電話番号からのショートメッセージサービス(SMS)も拒否できますか?",セキュリティ・安心
"緊急地震速報や津波警報、災害・避難情報などを知らせてくれるサービスはありますか?",セキュリティ・安心
"緊急速報「エリアメール」が届かないのは、どうしてですか?",セキュリティ・安心
"緊急速報「エリアメール」が配信された地域は、確認できますか?",セキュリティ・安心
"緊急速報「エリアメール」について教えてください。",セキュリティ・安心
"緊急速報「エリアメール」の着信音が鳴らないように設定できますか?",セキュリティ・安心
"緊急速報「エリアメール」を、受信/解除する方法を教えてください。",セキュリティ・安心
"自分のメールアドレスに、迷惑メールが届くのはどうしてですか?",セキュリティ・安心
"自分のメールアドレスや、家族/友人のメールアドレスになりすました迷惑メールが届きました。どうしたらいいですか?",セキュリティ・安心
"迷惑メールおまかせブロックについて教えてください。",セキュリティ・安心
"迷惑メールおまかせブロックの設定は、変更できますか?",セキュリティ・安心
"迷惑メールおまかせブロックは、どのような判定で迷惑メールを振り分けますか?",セキュリティ・安心
"迷惑メールおまかせブロックを利用しています。「迷惑メール用」フォルダ内のメールは確認できますか?",セキュリティ・安心
"迷惑メールの拒否設定は、解除できますか?",セキュリティ・安心
"迷惑メール対策には、どのような設定がありますか?",セキュリティ・安心
"迷惑メール対策の、「受信するメールの設定」と「拒否するメールの設定」について教えてください。",セキュリティ・安心
"迷惑メール対策の、かんたん設定(キッズオススメ/受信拒否 強/受信拒否 弱)について教えてください。",セキュリティ・安心
"迷惑メール対策の、大量送信者からのメール拒否設定について教えてください。",セキュリティ・安心
"迷惑メール対策の、特定URL付メール拒否設定について教えてください。",セキュリティ・安心
"迷惑メール対策の「指定受信/拒否設定」で、受信するメールアドレスを設定したのに受信できない場合、どうしたらいいですか?",セキュリティ・安心
"迷惑メール対策の「指定受信/拒否設定」における優先順位を教えてください。",セキュリティ・安心
"迷惑メール対策の「指定受信/拒否設定」について教えてください。",セキュリティ・安心
"迷惑メール対策の「指定受信/拒否設定」や「かんたん設定」を変更したら、以前から利用していたメールマガジンが届かなくなりました。どうしたらいいですか?",セキュリティ・安心
"迷惑電話ストップサービスと指定着信拒否設定の、違いを教えてください。",セキュリティ・安心
"迷惑電話ストップサービスについて教えてください。",セキュリティ・安心
"迷惑電話ストップサービスの設定(登録)方法を教えてください。",セキュリティ・安心
"電池パック安心サポートについて教えてください。",セキュリティ・安心
"電池パック安心サポートの対象期間を満たしているか、確認できますか?",セキュリティ・安心
"電池パック安心サポートの提供条件を教えてください。",セキュリティ・安心
"電池パック安心サポートの申込みは、どこでできますか?",セキュリティ・安心
"Facebook Message from: 中村健吾",一般
"Facebook Message from: 高田健二",一般
"IR情報の入手方法について",一般
"カスタマーサービスの提供時間",一般
"コールセンターのオープン時間",一般
"サービス契約どこまでカバーしていますか",一般
"サービス契約はどこまでカバーしていますか？",一般
"パートナーになるにはどうすればよいですか",一般
"パートナーになる方法",一般
"パスワード保管方法について",一般
"ヘッドホンのイヤーパッド",一般
"メルマガの登録の方法",一般
"今月二回目の請求明細が届きました",一般
"個人情報保護について",一般
"商品の返品方法について",一般
"商品の開発要望",一般
"営業時間を教えて下さい",一般
"坂本 直子さんよりFacebookからのメッセージ",一般
"梱包が壊れている",一般
"機器についての詳しい資料はありますか",一般
"機器についての詳しい資料はありますか",一般
"機器のトレーニングは提供されていますか",一般
"機器のパッチ適用が失敗します",一般
"機器のパフォーマンス劣化について",一般
"機器のパフォーマンス劣化について",一般
"機器の価格について教えてください",一般
"機器の設定中にエラーが発生します",一般
"機器の請求について教えてください",一般
"機器を多重化することはできますか",一般
"機能要望について",一般
"機能要望の方法について",一般
"消費税について",一般
"登録の仕方",一般
"給与の支払い日について",一般
"耐用年数について",一般
"製品2250のパッチ適用が失敗します",一般
"製品5550を多重化することはできますか",一般
"SOS Video Chat",問題
"スピーカーが接続されません",問題
"スピーカについて",問題
"ディスプレイの画面が黒くなる",問題
"なぜE-mailの請求書しか受け取れないのでしょうか？",問題
"ノートPCの画面に何も表示されない",問題
"パスワードがロックされてしまいました",問題
"携帯電話の紛失・盗難時は、どのような手続きをしたらいいですか?",問題
"支払い方法の変更について教えて下さい",問題
"請求先住所情報を変更するにはどうすればいいですか？",問題
"電源ボタンを押した時に動作しない時があります。",問題
"「オンラインサポート」からのメールが届きません。なぜですか。",困ったときは
"SIMロック解除をしても、補償サービスを利用(補償申込み)できますか?",困ったときは
"お客さま管理者サイトのパスワードを忘れた、またはロックされた場合はどうしたらよいですか。",困ったときは
"お探しサービスについて教えてください。",困ったときは
"サーチサービスの対応機種を教えてください。",困ったときは
"サーチサービスの検索履歴は、確認できますか?",困ったときは
"サーチサービスの測位レベルについて教えてください。",困ったときは
"サーチサービスは、海外でも利用できますか?",困ったときは
"サーチサービスを利用したくない場合、どうしたらいいですか?",困ったときは
"サーチサービスを利用するには、何が必要ですか?",困ったときは
"サービスで、事前に必要な設定を教えてください。",困ったときは
"サービスで検索できないのは、どうしてですか?",困ったときは
"ロック/解除は、どこでできますか?",困ったときは
"ロックについて教えてください。",困ったときは
"ロックの対応機種を教えてください。",困ったときは
"ロックの番号指定ロックと、遠隔ロックの違いを教えてください。",困ったときは
"ロック中にかかってきた電話やメールは、どうなりますか?",困ったときは
"再開について教えてください。",困ったときは
"再開の手続きは、どこでできますか?",困ったときは
"利用中断できる日数に、期限はありますか?",困ったときは
"利用中断について教えてください。",困ったときは
"利用中断中/ロック中の場合、携帯電話のアラーム機能はどうなりますか?",困ったときは
"利用中断中に、留守番電話は利用できますか?",困ったときは
"利用中断中に送られてきた、メールやショートメッセージサービス(SMS)はどうなりますか?",困ったときは
"利用中断中の携帯電話に電話をかけた場合、どのようなガイダンスが流れますか?",困ったときは
"携帯電話が圏外や電源OFFでも、ロックはかかりますか?",困ったときは
"携帯電話の故障/修理の場合に、利用できるサービスはありますか?",困ったときは
"機種変更/契約変更をする場合、補償対象を新しい機種に変更できますか?",困ったときは
"海外で携帯電話を紛失した場合、ロックは利用できますか?",困ったときは
"紛失・盗難時に、携帯電話の位置を調べることはできますか?",困ったときは
"補償 お届けサービスについて教えてください。",困ったときは
"補償サービスで利用される、交換電話機(リフレッシュ品)について教えてください。",困ったときは
"補償サービスについて教えてください。",困ったときは
"補償サービスに加入しています。利用(補償申込み)するには、どうしたらいいですか?",困ったときは
"補償サービスの「継続のご契約特典」について教えてください。",困ったときは
"補償サービスの加入や廃止は、どこでできますか?",困ったときは
"補償サービスの加入条件や、利用(補償申込み)条件を教えてください。",困ったときは
"補償サービスを利用(補償申込み)する際に、交換電話機の機種は選べますか?",困ったときは
"補償サービス利用(補償申込み)時の、お客様負担金について教えてください。",困ったときは
"遠隔初期化について教えてください。",困ったときは
"遠隔初期化の、事前設定と利用方法を教えてください。",困ったときは
"「020」番号帯利用について教えてください。",契約・手続き
"「070」で始まる電話番号は、何の電話番号ですか?",契約・手続き
"「ご契約内容確認のお願い」について教えてください。",契約・手続き
"「よくあるご質問(FAQ)」の使い方を教えてください。",契約・手続き
"「解約後のお知らせ」について教えてください。",契約・手続き
"CGMコンテンツ提供会社の指定する年齢に達していて、年齢認証をしたのに、コンテンツに制限がかかった場合はどうしたらいいですか?",契約・手続き
"MNP予約番号に、有効期限はありますか?",契約・手続き
"MNP予約番号は確認できますか?",契約・手続き
"MNP予約番号発行後に名義変更はできますか?",契約・手続き
"SIMカードの形状は、変更できますか?",契約・手続き
"SIMカードを、再発行・バージョン変更する場合の注意事項を教えてください。",契約・手続き
"SIMカードを紛失した場合、再発行はできますか?",契約・手続き
"SIMカード対応機種の、SIM情報設定方法について教えてください。",契約・手続き
"SIMロック解除ができる機種を教えてください。",契約・手続き
"SIMロック解除について教えてください。",契約・手続き
"SIMロック解除の手続きは、どこでできますか?",契約・手続き
"SIMロック解除をした場合、携帯電話に保存されていたデータはどうなりますか?",契約・手続き
"SIMロック解除手数料について教えてください。",契約・手続き
"SIMロック解除機能を搭載しているの端末は、購入時にSIMロック解除はされていますか?",契約・手続き
"オンライン予約について教えてください。",契約・手続き
"ご利用者情報の登録について教えてください。",契約・手続き
"サービスコーナーについて教えてください。",契約・手続き
"ショップの電話番号や住所などの、確認方法を教えてください。",契約・手続き
"ネットオークションや中古販売店で購入した携帯電話は、利用制限の対象でないことが確認できれば、ネットワーク利用制限がかかることはありませんか?",契約・手続き
"の回線契約がなくても、SIMロック解除できますか?",契約・手続き
"一括請求や一括送付サービスを利用している場合、携帯電話・PHS番号ポータビリティ(MNP)の予約はできますか?",契約・手続き
"一括請求を組んだまま、解約/携帯電話・PHS番号ポータビリティ(MNP)による解約はできますか?",契約・手続き
"一括請求を組んでいます。支払いを個別にする手続きは、どこでできますか?",契約・手続き
"不要になった携帯電話や付属品を回収していますか?",契約・手続き
"他社のSIMフリー端末でのサービスを利用したい場合、SIMカード(カード)を発行できますか?",契約・手続き
"以前利用していた携帯電話と同じ電話番号を、また利用することはできますか?",契約・手続き
"住所変更する場合、運転免許証や住民票の住所が旧住所でも手続きはできますか?",契約・手続き
"住所変更の手続きは、どこでできますか?",契約・手続き
"住所変更をした場合、口座振替の手続きは必要ですか?",契約・手続き
"個人名義で新規契約する場合、何が必要ですか?",契約・手続き
"分割払い(個別信用購入あっせん契約/割賦販売契約)で携帯電話を購入する場合、ポイント/ポイント(期間・用途限定)/ポイントは利用できますか?",契約・手続き
"分割払い(個別信用購入あっせん契約/割賦販売契約)を利用中でも、機種変更はできますか?",契約・手続き
"利用中断中に、住所変更はできますか?",契約・手続き
"利用中断中に、名義変更の手続きはできますか?",契約・手続き
"利用者情報に登録した内容は、変更できますか?",契約・手続き
"区画整理/市区町村の合併で住所が変更になった場合、に登録している住所や料金明細送付サービスの送付先住所は、自動的に新しい住所に変更されますか?",契約・手続き
"友達から譲り受けた(もらった)の携帯電話で、新規契約/機種変更/契約変更はできますか?",契約・手続き
"取扱説明書は、どこで閲覧できますか?",契約・手続き
"名義変更した場合、アカウントのID/パスワードはどうなりますか?",契約・手続き
"名義変更した場合、メールアドレスはどうなりますか?",契約・手続き
"名義変更と同時に機種変更/契約変更する場合、手数料はいくらですか?",契約・手続き
"名義変更について教えてください。",契約・手続き
"名義変更や承継の手続きをした場合、継続利用期間は引き継がれますか?",契約・手続き
"名義変更をした場合、ユーザID/パスワードやメールアドレスは引き継がれますか?",契約・手続き
"名義変更をした場合、口座振替/クレジットカード払いはそのまま引き継がれますか?",契約・手続き
"名義変更をした場合、家族割引は継続できますか?",契約・手続き
"名義変更をした場合、登録していたマイメニューは引き継がれますか?",契約・手続き
"名義変更をした月の利用分は、譲り渡す人/譲り受ける人のどちらに請求されますか?",契約・手続き
"名義変更をする場合、譲り渡す人/譲り受ける人のどちらかのみの来店でも手続きできますか?",契約・手続き
"外国籍の方が新規契約する場合、何が必要ですか?",契約・手続き
"契約変更する場合に、引き継がれるサービスを教えてください。",契約・手続き
"契約者が死亡した場合、代理人が解約できますか?",契約・手続き
"委任状の書き方を教えてください。",契約・手続き
"委任状や同意書は、どこでもらえますか?",契約・手続き
"子どもの携帯電話を、親が解約することはできますか?",契約・手続き
"定期契約期間内に解約や廃止をすると、解約金がかかる料金プラン/割引サービスを教えてください。",契約・手続き
"家族割引を申込みしている場合、携帯電話・PHS番号ポータビリティ(MNP)の予約はできますか?",契約・手続き
"年齢判定サービスについて教えてください。",契約・手続き
"年齢判定情報の通知可否を、コンテンツ提供会社ごとに設定する方法を教えてください。",契約・手続き
"承継について教えてください。",契約・手続き
"承継の手続きには何が必要ですか?",契約・手続き
"携帯電話・PHS番号ポータビリティ(MNP)で事業者間を移動する場合、メールアドレスはそのまま利用できますか?",契約・手続き
"携帯電話・PHS番号ポータビリティ(MNP)で事業者間を移動する場合、端末はそのまま利用できますか?",契約・手続き
"携帯電話・PHS番号ポータビリティ(MNP)について教えてください。",契約・手続き
"携帯電話・PHS番号ポータビリティ(MNP)による新規契約を検討中です。お得なサービスはありますか?",契約・手続き
"携帯電話・PHS番号ポータビリティ(MNP)の予約は、キャンセルできますか?",契約・手続き
"携帯電話・PHS番号ポータビリティ(MNP)の手数料はいくらですか?",契約・手続き
"携帯電話・PHS番号ポータビリティ(MNP)の手続きの手順を教えてください。",契約・手続き
"携帯電話・PHS番号ポータビリティ(MNP)を利用して、他社の携帯電話番号⇔2in1のBナンバーに変更できますか?",契約・手続き
"携帯電話・PHS番号ポータビリティ(MNP)を利用してを新規契約する場合、どこでできますか?",契約・手続き
"携帯電話・PHS番号ポータビリティ(MNP)を利用して他社へ変更した場合、で利用していた割引サービスやオプションサービスはどうなりますか?",契約・手続き
"携帯電話の価格はいくらですか?",契約・手続き
"携帯電話の解約/携帯電話・PHS番号ポータビリティ(MNP)による解約をした場合、の分割払い(個別信用購入あっせん契約/割賦販売契約)の分割支払金/分割払金はどうなりますか?",契約・手続き
"携帯電話の解約は、どこでできますか?",契約・手続き
"携帯電話は、同一名義で何回線まで新規契約できますか?",契約・手続き
"携帯電話を休止する手続きについて教えてください。",契約・手続き
"携帯電話を拾った場合、どうしたらいいですか?",契約・手続き
"携帯電話を解約した場合、ポイント/ポイント(期間・用途限定)/ポイントは引き続き利用できますか?",契約・手続き
"携帯電話を解約すると、端末内にある電話帳データや送信/受信メールは消えてしまいますか?",契約・手続き
"改称について教えてください。",契約・手続き
"改称の手続きは、どこでできますか?",契約・手続き
"新規契約と同時に一括請求に加わる場合、代表回線と同じ口座振替/クレジットカード払いの手続きをする必要がありますか?",契約・手続き
"新規契約の手数料はいくらですか?",契約・手続き
"新規契約は、代理人でも手続きできますか?",契約・手続き
"旧料金プランからバリュープラン/ベーシックプランへ変更した場合、いちねん割引はどうなりますか?",契約・手続き
"未成年者が新規契約する際に、親権者(法定代理人)が同意書に記入する内容を教えてください。",契約・手続き
"未成年者名義で、親権者の同意が必要な手続きをします。親権者の本人確認書類は何が必要ですか?",契約・手続き
"未成年者名義で新規契約の手続きをする場合、何が必要ですか?",契約・手続き
"未成年者名義の機種変更/契約変更は、親権者の確認書類や同意書が必要ですか?",契約・手続き
"本人確認書類として利用する「公共料金領収証」について教えてください。",契約・手続き
"機種変更/契約変更した場合、携帯電話の端末暗証番号は引き継がれますか?",契約・手続き
"機種変更/契約変更の手続きについて教えてください。",契約・手続き
"機種変更する場合、現在利用中の総合プラン/パケット定額サービスは継続できますか?",契約・手続き
"機種変更する場合、登録しているマイメニューはどうなりますか?",契約・手続き
"機種変更や契約変更をする場合、解約金はかかりますか?",契約・手続き
"機種変更や解約をする場合、今まで使用していた携帯電話はどうなりますか?",契約・手続き
"死亡した家族が契約していた携帯電話を、自分がそのまま利用することはできますか?",契約・手続き
"法人名義で新規契約する場合、何が必要ですか?",契約・手続き
"海外赴任などで長期間携帯電話を休止して、帰国後に以前と同じ携帯電話番号を利用することはできますか?",契約・手続き
"番号えらべるサービスについて教えてください。",契約・手続き
"登録された利用者情報は、どこにどのような情報が提供されますか?",契約・手続き
"端末(機種)利用期間の確認方法を教えてください。",契約・手続き
"紛失したの携帯電話が拾得物として警察に届けられた場合、から連絡はありますか?",契約・手続き
"結婚して名字と住所が変わりました。どうしたらいいですか?",契約・手続き
"継続利用期間について教えてください。",契約・手続き
"自分の契約内容を確認することはできますか?",契約・手続き
"親権者の同意が必要な手続きをする場合、既婚の未成年者でも親権者の同意は必要ですか?",契約・手続き
"親権者の同意書は、捺印が必要ですか?",契約・手続き
"解約したの携帯電話に電話をかけた場合、どのようなガイダンスが流れますか?",契約・手続き
"解約する場合、解約月の利用料金はその場で精算になりますか?",契約・手続き
"解約後、利用していた携帯電話を持ち帰ることはできますか?",契約・手続き
"解約後に請求される、利用料金の支払い方法を教えてください。",契約・手続き
"請求書等の送付先住所を変更した場合、いつから新しい住所へ送付されますか?",契約・手続き
"連絡先番号案内サービスを利用する場合、料金はかかりますか?",契約・手続き
"運転免許証など本人確認書類に記載されている住所が旧住所の場合でも、新規契約の本人確認書類として利用できますか?",契約・手続き
"電子交付された申込書のお客様控え(電子帳票)は、どこで確認できますか?",契約・手続き
"電話機購入時確認サイトについて教えてください。",契約・手続き
"電話番号保管/メールアドレス保管で、電話番号/メールアドレスを保管できる期間を教えてください。",契約・手続き
"電話番号保管/メールアドレス保管について教えてください。",契約・手続き
"電話番号保管/メールアドレス保管中です。メールアドレス保管のみを解除できますか?",契約・手続き
"電話番号保管と、解約の違いを教えてください。",契約・手続き
"電話番号保管の申込み/解除は、どこでできますか?",契約・手続き
"電話番号保管の申込み/解除は、海外から手続きできますか?",契約・手続き
"電話番号保管を申込みした場合、ベーシックコース解除料や、の分割払い(個別信用購入あっせん契約/割賦販売契約)の分割支払金/分割払金の残額はどうなりますか?",契約・手続き
"電話番号保管を申込みした場合、割引サービスや利用していたサービスはどうなりますか?",契約・手続き
"電話番号保管を申込みした場合、定期契約型の料金プラン/割引サービスの、解約金はかかりますか?",契約・手続き
"電話番号保管を申込みした場合、月々サポートはどうなりますか?",契約・手続き
"電話番号保管中に、利用できるサービスを教えてください。",契約・手続き
"電話番号保管中に、毎月の利用料金の支払い方法は変更できますか?",契約・手続き
"トレーニングは提供されていますか",技術
"プロジェクターランプの交換方法を教えてください。",技術
"モバイルアプリはどこからダウンロード出来ますか",技術
"モバイルからコミュニティにアクセスしたいです",技術
"ログインでエラーが発生します",技術
"ログインパスワードがわからない",技術
"安全なパスワードについて",技術
"機器で警告音が出ています",技術
"機器のセットアップがうまくいきません",技術
"機器のパフォーマンス劣化について",技術
"機器のリカバリ手順について教えてください",技術
"機器の発熱について",技術
"機器の設定方法について教えてください",技術
"製品1050のセットアップがうまくいきません",技術
"製品10950の導入事例について教えてください",技術
"製品1200についての詳しい資料はありますか",技術
"製品3450で警告音が出ています",技術
"製品5400のセットアップがうまくいきません",技術
"製品5850の価格について教えてください",技術
"製品750の制限事項について",技術
"製品8700のセットアップがうまくいきません",技術
"製品9000を多重化することはできますか",技術
"製品トラブルの調査はどのように行えば良いでしょうか",技術
" ケータイで「メモリ不足です」と表示されます。どうしたらいいですか?",故障・修理
" ケータイを利用しています。サイトに接続すると「Cookieを有効にしてください」と表示される場合、どうしたらいいですか?",故障・修理
" スマートフォン(Android)で、データモードメールが送信/受信できないのは、どうしてですか?",故障・修理
" スマートフォン(Android)でタッチパネルの操作ができない場合、どうしたらいいですか?",故障・修理
" スマートフォン(Android)でデータモードメールの送信はできるのに受信ができない場合、どうしたらいいですか?",故障・修理
" スマートフォン(Android)のメールフォルダから、メール/データモードメールが消えることがあります。どうしてですか?",故障・修理
" スマートフォン(Android)の画面右上に数字や英語の文字が表示されたり、操作した指の跡が残ります。どうしたらいいですか?",故障・修理
" スマートフォン(Android)の電源が切れたり、再起動する原因を教えてください。",故障・修理
" スマートフォンでワンセグの録画ができないのは、どうしてですか?",故障・修理
" スマートフォンをマナーモードに設定しているのに、動画や音楽の音が出ます。これは故障ですか?",故障・修理
"(センター)問い合わせをしても、メールを受信できないのはどうしてですか?",故障・修理
"「センターにメールあり」と表示されて、メールが自動受信できません。どうしたらいいですか?",故障・修理
"1日に大量のメールを送信していたら、突然のメールアドレス(@.ne.jp)だけにメールが送信できなくなりました。どうしてですか?",故障・修理
"ACアダプタは修理できますか?",故障・修理
"Android OS搭載の スマートフォン/ タブレットの、セキュリティ更新について教えてください。",故障・修理
"SDメモリーカードが入っているのに、「SDメモリーカードが取り外されました」「microSD(miniSD)が挿入されていません」などと表示されます。どうしたらいいですか?",故障・修理
"SDメモリーカードに保存したデータが、 ケータイで表示できません。どうしたらいいですか?",故障・修理
"SDメモリーカードのアイコンに「?」が表示されます。どうしたらいいですか?",故障・修理
"SIMカード(カード)/eSIMカードを壊してしまった場合、再発行はできますか?",故障・修理
"SIMカード(カード)のエラーが表示されて携帯電話が使えない場合、どうしたらいいですか?",故障・修理
"SIMカード(カード)を、 スマートフォン/ ケータイ(データモード)⇔ ケータイで差し替えても、メールが受信できないのはどうしてですか?",故障・修理
"USB接続ケーブルで ケータイとパソコンをつないでも、パソコンで端末(SDメモリーカード)を認識できない場合、どうしたらいいですか?",故障・修理
"オンライン修理受付サービスの申込み画面に、修理したい機種が表示されないのはどうしてですか?",故障・修理
"お預かり修理をする場合、データはどうなりますか?",故障・修理
"カメラを起動しても、画面が真っ暗で何も映らなくなりました。どうしたらいいですか?",故障・修理
"ケース(外装)交換のみの修理はできますか?",故障・修理
"ケータイデータ復旧サービスについて教えてください。",故障・修理
"ケータイデータ復旧サービスの対応機種を教えてください。",故障・修理
"ケータイデータ復旧サービスの申込みは、どこでできますか?",故障・修理
"ケータイデータ復旧サービスを申込みした場合、データは必ず復旧できますか?",故障・修理
"サイトに接続すると「Refererを無効にしてください」と表示されます。どうしたらいいですか?",故障・修理
"サイト閲覧時に、虫眼鏡や画像のマークが表示されて画像が見られない場合、どうしたらいいですか?",故障・修理
"ショップなどの故障取扱窓口で借りた代替機が故障した場合、どうしたらいいですか?",故障・修理
"スマホ診断アプリについて教えてください。",故障・修理
"ソフトウェア更新について教えてください。",故障・修理
"データコピーアプリ(バックアップアプリ/SDカードバックアップアプリ)で、メディアファイルがグレーアウトされてバックアップできないのは、どうしてですか?",故障・修理
"で水濡れと判断された携帯電話は、修理できますか?",故障・修理
"パソコンからmicroSDメモリーカードなどに保存した音楽データが、 ケータイで再生できないのはどうしてですか?",故障・修理
"バックライトが暗く、画面が見えにくい場合、どうしたらいいですか?",故障・修理
"ホームページの「メールでのお問い合わせ」から、問い合わせをしました。返信が届かない場合、どうしたらいいですか?",故障・修理
"メールが、送信後すぐに相手に届かないのはどうしてですか?",故障・修理
"メールが受信できるのに送信できない場合、どうしたらいいですか?",故障・修理
"メールが遅れて、すぐに受信できないのはどうしてですか?",故障・修理
"メールで受信した、URLの画像(動画)を閲覧できません。どうしてですか?",故障・修理
"メールで受信した添付ファイルが削除されて画像を閲覧できない場合、どうしたらいいですか?",故障・修理
"メールの送信はできるのに受信ができない場合、どうしたらいいですか?",故障・修理
"ワンセグが視聴できないのは、どうしてですか?",故障・修理
"他社のSIMフリー端末に、SIMカード(カード)を挿入して利用しています。利用中の携帯電話が故障した場合、故障修理はどこでできますか?",故障・修理
"以前使っていた携帯電話や、譲り受けた(もらった)携帯電話は修理できますか?",故障・修理
"保証書がない場合でも、点検や修理はできますか?",故障・修理
"修理前にSDメモリーカードへバックアップした電話帳などのデータを、修理後の携帯電話に復元する方法を教えてください。",故障・修理
"充電中に携帯電話が熱くなり、充電が止まることがあります。これは故障ですか?",故障・修理
"充電口やイヤホンジャックなど、外部接続端子のカバー(キャップ)がとれました。どうしたらいいですか?",故障・修理
"受信拒否設定したメールアドレスからメールが届きます。どうしてですか?",故障・修理
"国際SMSで海外にショートメッセージサービス(SMS)を送ると、「送信できませんでした」と表示されます。どうしたらいいですか?",故障・修理
"指紋認証ができなくなりました。どうしたらいいですか?",故障・修理
"携帯電話が充電できない場合、どうしたらいいですか?",故障・修理
"携帯電話が故障しているかどうか、確認する方法はありますか?",故障・修理
"携帯電話が水濡れしてしまった場合、どうしたらいいですか?",故障・修理
"携帯電話にSDメモリーカードを取り付けても、ディスプレイにアイコンが表示されず認識されない場合、どうしたらいいですか?",故障・修理
"携帯電話に保存した音楽データが再生できないのは、どうしてですか?",故障・修理
"携帯電話のタッチパネルの反応が遅くなることがあります。どうしてですか?",故障・修理
"携帯電話のボタンが壊れてしまいました。修理できますか?",故障・修理
"携帯電話のリアカバーが壊れてしまいました。どうしたらいいですか?",故障・修理
"携帯電話の保証期間を教えてください。",故障・修理
"携帯電話の修理が完了したら、自宅などに届けてもらうことはできますか?",故障・修理
"携帯電話の充電が終わらないのは、どうしてですか?",故障・修理
"携帯電話の充電口(充電端子)が壊れてしまいました。修理できますか?",故障・修理
"携帯電話の故障修理や点検は、代理人でも手続きできますか?",故障・修理
"携帯電話の時間表示がずれる場合、どうしたらいいですか?",故障・修理
"携帯電話の液晶画面が割れてしまいました。修理は有料ですか?",故障・修理
"携帯電話の画面に「書換え中」と表示され、操作ができなくなりました。これは故障ですか?",故障・修理
"携帯電話の電源が入らない場合、どうしたらいいですか?",故障・修理
"携帯電話を修理するために預けた場合、修理が終わるまで代わりの携帯電話(代替機)を借りることはできますか?",故障・修理
"携帯電話を修理する場合、外装の色を変更することはできますか?",故障・修理
"携帯電話を修理する場合、料金はかかりますか?",故障・修理
"携帯電話を充電中に利用していると熱くなります。故障ですか?",故障・修理
"携帯電話本体が製造終了となっている場合、電池パックなどの付属品(オプション品)は、いつまで購入できますか?",故障・修理
"故障・修理受付窓口を教えてください。",故障・修理
"暑い場所や寒い場所で充電をしていると、充電が途中で止まることがあります。どうしてですか?",故障・修理
"水に濡らしていないのに、水濡れによる故障と言われました。どうしてですか?",故障・修理
"水濡れシールについて教えてください。",故障・修理
"海外から発信すると、いつもつながらない相手がいます。どうしてですか?",故障・修理
"海外で、日本からのショートメッセージサービス(SMS)が受信できないのはどうしてですか?",故障・修理
"海外で利用中、突然発信や着信ができなくなりました。どうしてですか?",故障・修理
"海外で利用中の携帯電話が故障しました。どうしたらいいですか?",故障・修理
"特定の人に発信すると、必ず話中音が流れます。どうしたらいいですか?",故障・修理
"画面に「セーフモード」と表示され、ダウンロードしたアプリが消えてしまいました。 元に戻すにはどうしたらいいですか?",故障・修理
"突然、液晶画面が白っぽくなりました。どうしたらいいですか?",故障・修理
"自分の携帯電話が話し中になっていて、音声着信を受けられません。どのようなことが考えられますか?",故障・修理
"自分の端末でソフトウェア更新が必要かどうか、確認する方法はありますか?",故障・修理
"製造終了となった携帯電話は、修理できますか?",故障・修理
"購入したばかりなのに、電池の減りが早いのはどうしてですか?",故障・修理
"送信/受信メールフォルダから、メールが削除されることがあります。どうしてですか?",故障・修理
"通話中、声にエコーがかかります。どうしてですか?",故障・修理
"通話中、雑音が入ります。どうしてですか?",故障・修理
"通話中に相手の声が聞こえない、または自分の声が届かないのはどうしてですか?",故障・修理
"通話中に音が途切れたり、突然切れたりします。どうしてですか?",故障・修理
"防水ケータイでも水濡れで故障することがありますか?",故障・修理
"電池パックが劣化した場合、どうしたらいいですか?",故障・修理
"電池パックが膨らんでしまった場合、どうしたらいいですか?",故障・修理
"電池パックの劣化や寿命は測定できますか?",故障・修理
"電波状態が良好なのに、発信/着信ができません。どうしてですか?",故障・修理
"電源が入らない携帯電話から、電話帳などのデータを読み出すことはできますか?",故障・修理
"電源が切れたり画面が固まる(フリーズ)など、携帯電話の動作が不安定な場合、どうしたらいいですか?",故障・修理
"預かり修理について教えてください。",故障・修理
"利用料金はいくらですか。",料金
"「ご利用料金の確認」では、どのような内容を確認できますか?",料金・お支払い
"「ご利用料金の確認」で確認した料金と、実際の請求金額が違うのはどうしてですか?",料金・お支払い
"「ご利用料金の確認」と「料金明細サービス」では、それぞれどのような内容が確認できますか?",料金・お支払い
"「ご利用料金の確認」について教えてください。",料金・お支払い
"「データ通信量のお知らせ」という内容のメールが届きました。これは何ですか?",料金・お支払い
"「口座振替のご案内」/「ご利用料金のご案内」の郵送希望申込みをしたい場合、どうしたらいいですか?",料金・お支払い
"My Siteの「ご利用料金の確認」/ご利用額お知らせメールで、支払い期限(口座振替日・引き落とし日)は確認できますか?",料金・お支払い
"My Siteの「ご利用料金の確認」で、利用内訳や料金明細内訳の印刷はできますか?",料金・お支払い
"My Siteの「ご利用料金の確認」や請求内訳のパケット通信料の項目に、「計1億パケット以上でした。」と表示されていた場合、詳細は確認できますか?",料金・お支払い
"My Siteの「ご利用料金の確認」や請求書等に表示されている、請求内訳名と内容について教えてください。",料金・お支払い
"My Siteの「料金のお支払い・お支払い状況照会」から、の利用料金を支払うことはできますか?",料金・お支払い
"Pay-easy(ペイジー)で利用する5桁の「確認番号」は、どこで確認できますか?",料金・お支払い
"Pay-easyを利用する場合、申込みは必要ですか?",料金・お支払い
"Web料金明細サービス/料金明細送付サービスの廃止は、どこでできますか?",料金・お支払い
"Web料金明細サービスと、ビリングサービスの料金明細内訳の違いを教えてください。",料金・お支払い
"Web料金明細サービスについて教えてください。",料金・お支払い
"Web料金明細サービスは、ファミリー割引グループ内の他回線の料金明細内訳を閲覧できますか?",料金・お支払い
"WORLD CALL・WORLD WINGの料金明細内訳書の見方を教えてください。",料金・お支払い
"ご利用額お知らせメールについて教えてください。",料金・お支払い
"ご利用額お知らせメールに記載されたURLにアクセスできないのは、どうしてですか?",料金・お支払い
"ご利用額お知らせメールを、登録/変更/廃止/確認する操作方法を教えてください。",料金・お支払い
"ご利用額お知らせメールを登録しましたが仮登録確認メールが届きません。どうしたらいいですか?",料金・お支払い
"サービスの申込み/廃止は、どこでできますか?",料金・お支払い
"データモードアクセス履歴検索サービスの、ワンタイムパスワード(認証キー)の取得方法を教えてください。",料金・お支払い
"データモードの廃止と同時にデータモードを申込みしてメールアドレスを引き継ぎました。ご利用額お知らせメールの設定も引き継がれますか?",料金・お支払い
"データ通信・パケット通信の料金明細内訳書の見方を教えてください。",料金・お支払い
"データ通信専用プラン/パケット定額サービスの対象となるデータ量は、料金明細内訳にどのように表示されますか?",料金・お支払い
"データ量到達通知サービスについて教えてください。",料金・お支払い
"データ量到達通知サービスの申込み/廃止は、どこでできますか?",料金・お支払い
"ナビダイヤル(0570)/テレドーム(0180)を利用した際にかかる、他社接続サービス通信料について教えてください。",料金・お支払い
"の利用代金の領収証は、再発行できますか?",料金・お支払い
"の利用料金の支払い方法をクレジットカード払いにした場合、請求内訳は送付されますか?",料金・お支払い
"の利用料金の支払い方法をクレジットカード払いにしています。クレジットカードを紛失して利用を停止した場合、どうなりますか?",料金・お支払い
"の利用料金の支払い方法を口座振替にしているのに、請求書が送られてきたのはどうしてですか?",料金・お支払い
"の利用料金の支払い方法を請求書払いにしています。今月だけクレジットカードで支払うことはできますか?",料金・お支払い
"の利用料金の請求書や、「口座振替のご案内」/「ご利用料金のご案内」の郵送を希望している場合、発行手数料はいくらですか?",料金・お支払い
"の利用料金は、支払い期限を過ぎた請求書でも支払えますか?",料金・お支払い
"パケットパックの対象となるデータ量は、料金明細内訳にどのように表示されますか?",料金・お支払い
"パケット定額サービスの対象となるデータ量は、料金明細内訳にどのように表示されますか?",料金・お支払い
"ファミリー割引の副回線は、ビリングサービスを申込みできますか?",料金・お支払い
"ユニバーサルサービス制度について教えてください。",料金・お支払い
"ユニバーサルサービス料について教えてください。",料金・お支払い
"一定額到達通知サービスについて教えてください。",料金・お支払い
"一定額到達通知サービスの申込み/廃止は、どこでできますか?",料金・お支払い
"一括請求で料金明細送付サービスを利用しています。料金明細内訳書の送付先を請求書等と別々にできますか?",料金・お支払い
"一括請求について教えてください。",料金・お支払い
"一括請求の代表回線の変更は、どこでできますか?",料金・お支払い
"一括請求の手続きは、どこでできますか?",料金・お支払い
"一括請求を組んでいます。代表回線/子回線がMy Siteの「ご利用料金の確認」で確認できる内容を教えてください。",料金・お支払い
"一括請求を組んでいる代表回線/子回線の料金明細サービスは、My Site(パソコン版)で確認できますか?",料金・お支払い
"今月利用したデータ通信量/パケット通信量は、確認できますか?",料金・お支払い
"今月利用した無料通信分は、確認できますか?",料金・お支払い
"伝言メモに録音されたメッセージを再生する場合、通話料はかかりますか?",料金・お支払い
"利用料金の支払いが遅れた場合、延滞利息はかかりますか?",料金・お支払い
"利用料金の支払い方法が口座振替の場合、振替日(引き落とし日)はいつですか?",料金・お支払い
"利用料金は、どこで支払いできますか?",料金・お支払い
"利用料金は、請求書が手元にない場合や紛失した場合でも、支払いできますか?",料金・お支払い
"口座振替の手続き(申込み/引き落とし口座の変更)は、どこでできますか?",料金・お支払い
"口座振替の手続きに必要な書類は、どこでもらえますか?",料金・お支払い
"名義変更/承継の手続きをした場合、My Siteの「ご利用料金の確認」の案内はどうなりますか?",料金・お支払い
"名義変更や承継の手続きをした場合、Web料金明細サービス/料金明細送付サービスは引き継がれますか?",料金・お支払い
"家族名義など他回線の請求内訳や料金明細内訳は、My Siteで確認できますか?",料金・お支払い
"情報料の料金明細内訳書の見方を教えてください。",料金・お支払い
"携帯電話の利用料金の支払いに、テレホンカードや金券は利用できますか?",料金・お支払い
"携帯電話の利用料金の締め日と、支払い期限(口座振替日・引き落とし日)はいつですか?",料金・お支払い
"携帯電話の購入代金を、クレジットカードで支払うことはできますか?",料金・お支払い
"支払証明書の証明金額の合計が5万円を超えているのに、収入印紙が貼られていないのはどうしてですか?",料金・お支払い
"支払証明書やご利用料金証明書の発行手続きは、どこでできますか?",料金・お支払い
"料金明細サービスについて教えてください。",料金・お支払い
"料金明細サービスの申込みは、どこでできますか?",料金・お支払い
"料金明細内訳は、データモードから確認できますか?",料金・お支払い
"料金明細発行サービスについて教えてください。",料金・お支払い
"料金明細送付サービスについて教えてください。",料金・お支払い
"月途中にプラン変更しました。変更月の通話料は「ご利用料金の確認」でどのように案内されますか?",料金・お支払い
"未納料金を確認する方法を教えてください。",料金・お支払い
"残高不足などにより口座振替不能になったの利用料金は、再振替されますか?",料金・お支払い
"毎月の利用料金の請求(請求書/口座振替のご案内/ご利用料金のご案内)は、いつ頃届きますか?",料金・お支払い
"毎月の利用料金は、コンビニエンスストアからクレジットカードで支払うことはできますか?",料金・お支払い
"毎月の利用料金を、クレジットカード払いにできますか?",料金・お支払い
"毎月の利用料金をクレジットカード払いにしています。クレジットカードの変更は、どこでできますか?",料金・お支払い
"毎月の利用料金をクレジットカード払いにしているのに、請求書が届くのはどうしてですか?",料金・お支払い
"毎月の利用料金を支払っているクレジットカードの有効期限が更新された場合、で手続きは必要ですか?",料金・お支払い
"毎月の携帯電話料金の支払いに利用している口座情報/クレジットカード情報は、確認できますか?",料金・お支払い
"毎月の支払い方法の変更は、どこでできますか?",料金・お支払い
"用途別集計サービスについて教えてください。",料金・お支払い
"確定申告などに必要となる、書類(支払証明書/ご利用料金証明書)について教えてください。",料金・お支払い
"解約した携帯電話の料金明細内訳は、確認できますか?",料金・お支払い
"解約後も、My Siteの「ご利用料金の確認」は閲覧できますか?",料金・お支払い
解約後も、ご利用額お知らせメールは届きますか?料金・お支払い
請求書等が届かないのはどうしてですか?料金・お支払い
請求書等の見方を教えてください。料金・お支払い
請求金額や利用内訳は、どこで確認できますか?料金・お支払い
迷惑メール対策の「指定受信/拒否設定」をしている場合、ご利用額お知らせメールは受信できますか?料金・お支払い
通話・通信の料金明細内訳書の見方を教えてください。料金・お支払い
通話履歴(いつ、どこへ、どれだけ電話をかけたか)の記録は、確認できますか?料金・お支払い
金融機関の口座名義を改称した場合、の利用料金を支払っている口座名義の変更手続きも必要ですか?料金・お支払い
高額なパケット通信料の請求がきました。どうしたらいいですか?料金・お支払い
高額利用案内(請求内容のご確認)について教えてください。料金・お支払い
2016年度(2017年3月期)の配当金額を教えてください。株式・IR
2017年度(2018年3月期)の業績見通しを教えてください。株式・IR
2017年度(2018年3月期)の配当(予想)金額を教えてください。株式・IR
CSRに関する取り組みについて教えてください。株式・IR
IR関連の最新情報を、受け取ることはできますか?株式・IR
MVNOについて教えてください。株式・IR
アニュアルレポートについて教えてください。株式・IR
コーポレートガバナンスに対する取り組みについて教えてください。株式・IR
ニューヨーク証券取引所のティッカーシンボルを教えてください。株式・IR
上場後の株式分割について教えてください。株式・IR
中期的な経営戦略について教えてください。株式・IR
会社名の由来・意味を教えてください。株式・IR
会社設立に至る経緯や沿革について教えてください。株式・IR
住所、氏名の変更、配当金受取方法の指定などの手続きに必要な用紙はどこにありますか?株式・IR
利益配分に関する基本方針について教えてください。株式・IR
契約数実績を教えてください。株式・IR
携帯電話で、IR情報を確認することはできますか?株式・IR
東京証券取引所に上場したのはいつですか?株式・IR
東京証券取引所の証券コードを教えてください。株式・IR
株主優待制度はありますか?株式・IR
株主名簿管理人を教えてください。株式・IR
株主構成を教えてください。株式・IR
株主様向け報告書の掲載箇所を教えてください。株式・IR
株式事務手続きについての問い合わせ先を教えてください。株式・IR
決算発表などの年間スケジュールを教えてください。株式・IR
決算説明会などの模様をインターネットで見ることはできますか?株式・IR
決算関連の資料や、財務データの掲載箇所を教えてください。株式・IR
海外の株式の上場取引所を教えてください。株式・IR
災害対策への取り組みについて教えてください。株式・IR
特別口座について教えてください。株式・IR
目標とする経営指標を教えてください。株式・IR
経営の基本方針について教えてください。株式・IR
自己株式の取得状況を教えてください。株式・IR
配当の基本方針と、上場来の配当額推移を教えてください。株式・IR
配当金の受け取りを、銀行口座・ゆうちょ銀行貯金口座などへの振込指定にする(または振込先を変更する)手続きについて教えてください。株式・IR
配当金の受け取り方法を教えてください。株式・IR
配当金支払いの権利確定日を教えてください。株式・IR
配当金支払証明書の入手方法を教えてください。株式・IR
配当金領収証(ゆうちょ銀行)が届かない(または配当金の振込みが確認できない)場合の、問い合わせ先を教えてください。株式・IR
配当金領収証(ゆうちょ銀行)の支払い期間が過ぎてしまった場合の、配当金受け取り方法を教えてください。株式・IR
配当金領収証(ゆうちょ銀行)を紛失してしまった場合の、配当金受け取り方法を教えてください。株式・IR
クラウドサービスの購入はできますか。申込・各種手続き
一度に何台まで携帯電話を購入できますか。申込・各種手続き
契約変更、請求先変更、料金プラン変更も本サイトから手続き可能ですか。申込・各種手続き
契約条件を教えてください。申込・各種手続き
新規、MNP、機種変更いずれの場合でも携帯電話を購入できますか。申込・各種手続き
申し込み後、商品が届くまでの期間を教えてください。申込・各種手続き
申し込み方法を教えてください。申込・各種手続き
端末を購入する際、支払い方法は選択できますか。申込・各種手続き
端末料金の支払い方法を教えてください。申込・各種手続き
管理者はスマートフォンの追加購入はできますか。申込・各種手続き
購入可能な携帯電話の機種を教えてください。申込・各種手続き
 スマートフォン(Android)からスマートフォンに機種変更した場合、現在利用しているサービスはどうなりますか?製品
【スマートフォン Plus】 VoLTEに対応していますか?製品
【スマートフォン】 VoLTEに対応していますか?製品
【スマートフォン】 VoLTEに対応していますか?製品
【タブレット Pro】 テザリング(モデム接続)に対応していますか?製品
12.9インチタブレット Pro、10.5インチタブレット Proのスペックを教えてください。製品
12.9インチタブレット Pro、10.5インチタブレット Proの購入予約について教えてください。製品
Apple IDについて教えてください。製品
Apple IDのパスワードを忘れた場合、どうしたらいいですか?製品
Apple IDを忘れた場合、どうしたらいいですか?製品
Apple Online Store(日本)や日本国内のApple Storeで購入したSIMフリーのスマートフォン、タブレットを持ち込みして、で新規契約することはできますか?製品
AppleCare+ for スマートフォンについて教えてください。製品
AppleCare+ for タブレットについて教えてください。製品
iCloudについて教えてください。製品
"iTunes コード/Apple Music コード/iTunes Cardは、オンラインショップ/ショップで購入できますか?",製品
"アカウントのID/パスワードを変更したら、スマートフォンでメールが利用できなくなりました。どうしたらいいですか?",製品
"すでにショップなどで他の端末を購入予約しています。同じ携帯電話番号でスマートフォンやタブレットの購入予約はできますか?",製品
"スマートフォン 、スマートフォン で、メールアドレスは変更できますか?",製品
"スマートフォン 、スマートフォン でメールを利用しています。メールに変更するには、どうしたらいいですか?",製品
"スマートフォン、スマートフォン Plus、スマートフォン、スマートフォン、スマートフォン Plusは、SIMロック解除に対応していますか?",製品
"スマートフォン、スマートフォン Plusの購入予約について教えてください。",製品
"スマートフォン、スマートフォン Plusの購入予約について教えてください。",製品
"スマートフォン、タブレットのソフトウェアアップデートについて教えてください。",製品
"スマートフォン、タブレットを購入できる店舗を教えてください。",製品
"スマートフォンで、メールアドレスは変更できますか?",製品
"スマートフォンで、特定の相手からの着信を拒否できますか?",製品
"スマートフォンでメールを利用しています。「自動受信(プッシュ)」と「新着メールお知らせ設定」との違いを教えてください。",製品
"スマートフォンでメールを利用中に、「ユーザー名またはパスワードが間違っています。」と表示されメールの受信ができない場合、どうしたらいいですか?",製品
"スマートフォンでメールを送信できないのは、どうしてですか?",製品
"スマートフォンと、スマートフォン Plusの違いを教えてください。",製品
"スマートフォンと、スマートフォン Plusの違いを教えてください。",製品
"スマートフォンに電話帳データを移行する操作方法を教えてください。",製品
"スマートフォンのスペックを教えてください。",製品
"スマートフォンの付属品(オプション品)は、ショップで購入できますか?",製品
"スマートフォンは、LTEに対応していますか?",製品
"スマートフォンは、公衆電話からの着信を受けることができますか?",製品
"スマートフォンやタブレットが故障したり破損した場合、どうしたらいいですか?",製品
"スマートフォンやタブレットで、メール自動受信(プッシュ)設定をしても自動受信されません。どうしたらいいですか?",製品
"スマートフォンやタブレットでパスコードを忘れた場合、どうしたらいいですか?",製品
"スマートフォンやタブレットに搭載されている「機能制限」について教えてください。",製品
"スマートフォンやタブレットのユーザガイド(取扱説明書)は、どこで確認できますか?",製品
"スマートフォンやタブレットは、SIMロック解除できますか?",製品
"スマートフォンやタブレットを、 Wi-Fiに接続する方法を教えてください。",製品
"スマートフォンやタブレットを購入する際に、ポイント/ポイント(期間・用途限定)/ポイントは利用できますか?",製品
"スマートフォンをオンラインショップで購入する場合、価格はいくらですか?",製品
"スマートフォンを購入しました。メールを利用するには、どうしたらいいですか?",製品
"スマートフォンを購入する場合、1か月の料金の目安を教えてください。",製品
"スマートフォンを購入する場合、スマートフォン専用の料金プランはありますか?",製品
"タブレットで、メールアドレスは変更できますか?",製品
"タブレットの購入予約について教えてください。",製品
"タブレットは、SIMロック解除に対応していますか?",製品
"タブレットをオンラインショップで購入する場合、価格はいくらですか?",製品
"タブレットを購入しました。メールを利用するにはどうしたらいいですか?",製品
"タブレットを購入する場合、1か月の料金の目安を教えてください。",製品
"タブレットを購入する場合、おすすめの料金プランを教えてください。",製品
"ビジュアルボイスメール(スマートフォン)について教えてください。",製品
"ビジュアルボイスメール(スマートフォン)の、利用停止/再開方法を教えてください。",製品
"対象機種に「全機種」や「スマートフォン」と記載された各種クーポンは、スマートフォンの新規契約/機種変更に利用できますか?",製品
"提供しているサービスは、スマートフォンやタブレットで利用できますか?",製品
"携帯電話・PHS番号ポータビリティ(MNP)/機種変更/新規契約で、スマートフォンを購入する場合の手数料を教えてください。",製品
"海外でスマートフォン、タブレットを利用する際の注意事項はありますか?",製品
"補償サービス for スマートフォン & タブレットについて教えてください。",製品
"補償サービス for スマートフォン & タブレットの加入/廃止/利用(補償申込み)は、どこでできますか?",製品
"510FUのトラブルシュートや調査に必要な情報",製品支援
"LPガスの点検について",製品支援
"SOS Video Chat",製品支援
"アップグレード方法について",製品支援
"アプリの動作環境について",製品支援
"インストールガイドが入っていない",製品支援
"インストール方法が分かりません",製品支援
"インストール方法について",製品支援
"セットアップ時のトラブル",製品支援
"ハードディスクから異音",製品支援
"プロジェクターのランプの交換方法について",製品支援
"モバイルアプリのダウンロード方法",製品支援
"モバイルデバイスからのコミュニティへのアクセス方法",製品支援
"交換時のトラブル",製品支援
"交換部品を販売していますか？",製品支援
"太陽光パネルの発電効率について",製品支援
"太陽光発電について",製品支援
"太陽電池について",製品支援
"現在実施中のキャンペーンについて教えてください。",製品支援
"発電機からの異音",製品支援
"秘密のパスワードの生成方法について",製品支援
"管理モニターの使用方法",製品支援
"納品日の確認",製品支援
"納品物の確認",製品支援
"組立説明書について",製品支援
"自動販売機の製品ディスプレーの下にあるQRコードはなんですか？",製品支援
"自動販売機を設置したいのですが、どうすればいいですか？",製品支援
"製品ガイドの欠品について",製品支援
"製品の不具合について",製品支援
"製品不具合の診断方法",製品支援
"製品保証ポリシーについて",製品支援
"製品説明書の紛失・交換依頼",製品支援
"追加の製品情報について",製品支援
"電源が熱くなり過ぎる",製品支援
"納品先の住所を間違えたのですが、どうしたらいいでしょう？",要求
"請求書の発行について",要求
"Bluetoothスピーカーについて",質問
"キャンセル時の取り消しについて",質問
"クーポンについて",質問
"クレジットカードで決済できなかった場合には、どうすればよいですか？",質問
"クレジットカード情報はオンラインで変更できますか？",質問
"マイクが使えなくなりました",質問
"充電速度の低下について",質問
"振込先を教えてください。",質問
"支払い方法には、どのようなものがありますか？",質問
"支払い方法や支払い期間を変更するにはどうすればいいですか？",質問
"支払期日はいつですか？",質問
"注文キャンセルについて",質問
"注文の内容について",質問
"請求書やクレジットメモのコピーを取得できますか？",質問
"4Gについて教えてください。",電波・通信
"5G(次世代移動通信システム)について教えてください。",電波・通信
"GPS機能/位置情報サービスの設定方法を教えてください。",電波・通信
"エリアおためしサービスについて教えてください。",電波・通信
"エリアおためしサービスの申込みは、どこでできますか?",電波・通信
"オートGPSが利用できないのは、どうしてですか?",電波・通信
"オートGPSについて教えてください。",電波・通信
"オートGPSを利用する場合、料金はかかりますか?",電波・通信
"クアッドバンドLTEについて教えてください。",電波・通信
"フェムトセルについて教えてください。",電波・通信
"を契約する前に、自宅や自宅周辺の電波状況を確認できますか?",電波・通信
"各携帯電話会社で、電波に違いはありますか?",電波・通信
"圏外が表示され、発信/着信できない場合、どうしたらいいですか?",電波・通信
"圏外のマークは、どのような場合に表示されますか?",電波・通信
"室内用補助アンテナを利用すれば、電波は強くなりますか?",電波・通信
"携帯電話のマナーについて教えてください。",電波・通信
"携帯電話の電波は、人体に影響がありますか?",電波・通信
"災害時にの携帯電話がつながりにくい/つながらない理由を教えてください。",電波・通信
"特定の環境で電波が悪くなるのは、どうしてですか?",電波・通信
"自宅で携帯電話がつながりにくい場合、電波状況を調べてもらえますか?",電波・通信
"輻輳(ふくそう)について教えてください。",電波・通信
"通信速度を教えてください。",電波・通信
"電波の受信感度は、機種により異なりますか?",電波・通信
"電波の状態が悪く、つながらないことがあるのはどうしてですか?",電波・通信
"電波状況を改善してほしい場合、どうしたらいいですか?",電波・通信
"[請求書に誤記] 機器の請求について教えてください",顧客支援
"Trailheadの使い方",顧客支援
"アカウント情報のの変更について",顧客支援
"アップグレードの希望",顧客支援
"カロリーはどのくらいですか？",顧客支援
"サービスのアップグレードについて",顧客支援
"ネットワークの瞬断が発生",顧客支援
"パスワードの変更方法",顧客支援
"メアドの変更方法について",顧客支援
"二重請求",顧客支援
"住所変更について",顧客支援
"出荷明細の間違いについて",顧客支援
"出荷明細を送ってください",顧客支援
"商品の発送を早めて頂けませんか",顧客支援
"商品の返品について",顧客支援
"契約内容について",顧客支援
"容器のまま温めてもいいですか？",顧客支援
"急ぎの注文について",顧客支援
"支払いについて",顧客支援
"支払い方法について",顧客支援
"最新の請求書の送付について",顧客支援
"最終支払いについて",顧客支援
"最終支払いの確認について",顧客支援
"機器が突然停止しました",顧客支援
"機器でエラーが発生します",顧客支援
"機器のセットアップがうまくいきません",顧客支援
"機器のセットアップがうまくいきません",顧客支援
"機器のリカバリ手順について教えてください",顧客支援
"機器のリカバリ手順について教えてください",顧客支援
"機器のリカバリ手順について教えてください",顧客支援
"機器の価格について教えてください",顧客支援
"機器の制限事項について",顧客支援
"機器の制限事項について",顧客支援
"機器の導入事例について教えてください",顧客支援
"機器の設定中にエラーが発生します",顧客支援
"機器の設定方法について教えてください",顧客支援
"機器の請求について教えてください",顧客支援
"機器の請求について教えてください",顧客支援
"機器を多重化することはできますか",顧客支援
"機器を多重化することはできますか",顧客支援
"機器を多重化することはできますか",顧客支援
"機器を多重化することはできますか",顧客支援
"注文の全量についての質問",顧客支援
"注文内容について",顧客支援
"注文状況の確認方法について",顧客支援
"研修先の勤務地がわからないのですが",顧客支援
"納入書の内容について",顧客支援
"自動振り込みの設定方法について",顧客支援
"自動更新の設定方法について",顧客支援
"製品10350の導入事例について教えてください",顧客支援
"製品1200の制限事項について",顧客支援
"製品1950を多重化することはできますか",顧客支援
"製品4350の請求について教えてください",顧客支援
"製品6450を多重化することはできますか",顧客支援
"製品をどこで購入できますか？",顧客支援
"誤請求",顧客支援
"請求明細について",顧客支援
"請求明細の間違い",顧客支援
"請求書に誤記？",顧客支援
"請求書の再発行について",顧客支援
"請求書の振込先について",顧客支援
"請求書の確認",顧客支援
"請求期限切れの支払いについて",顧客支援
"請求金額について",顧客支援
"賞味期限はどこに書かれていますか？",顧客支援
"配送中の製品破損",顧客支援
"領収書の記載について",顧客支援
"月額料金はいくらですか？",料金・サービスsb
"ADSL、バリュープランの違いを教えてください。",料金・サービスsb
"どのようなサービスですか？",料金・サービスsb
"光コースを解約した場合、解除料（違約金）はかかりますか？",料金・サービスsb
"毎月の支払額はいくらになりますか？（2017年2月28日以前にお申し込みのお客さま）",料金・サービスsb
"「光 with フレッツ」と「光 フレッツコース」の違いは何ですか？",料金・サービスsb
"どのようなサービスですか？",料金・サービスsb
"途中でバリューパックを解除するとタブレットはどうなりますか？",料金・サービスsb
"申し込みから開通までの流れについて教えてください。",料金・サービスsb
"転用する時にかかる品目変更の手数料・工事費はいくらですか？",料金・サービスsb
"光コースの月額料金を教えてください。",料金・サービスsb
"オプションサービスはいくらですか？",料金・サービスsb
"光 with フレッツとはどのようなサービスですか？",料金・サービスsb
"光コース プレミアムを2年契約で利用しています。契約満了月（解除料がかからない月）以外に解約するといくらかかりますか。",料金・サービスsb
"解約時に解除料はかかりますか？",料金・サービスsb
"途中でプレミアムプランを解除した場合、解除料はかかりますか？",料金・サービスsb
"月額いくらかかりますか？",料金・サービスsb
"毎月の支払額はいくらになりますか？（2017年3月1日以降お申し込みのお客さま）",料金・サービスsb
"どのようなサービスですか？",料金・サービスsb
"バリューパック（for Mobile）とはどのようなサービスですか？",料金・サービスsb
"プレミアムと一緒に申し込む場合と別々で申し込む場合、どちらがおトクですか？",料金・サービスsb
"支払い方法について教えてください。",料金・サービスsb
"月額料金を教えてください。",料金・サービスsb
"光 フレッツコースの利用料金を教えてください。",料金・サービスsb
"ADSL サービスから光 with フレッツに乗り換えた場合、フォンは使えますか？",料金・サービスsb
"解約した場合、解除料はかかりますか？",料金・サービスsb
"対象サービスを教えてください。",料金・サービスsb
"電話加入権不要タイプとはなんですか？",料金・サービスsb
" 光 ファミリー・ライトとは月額料金はいくらですか？",料金・サービスsb
"IPv6 IPoE + IPv4 （IPv6高速ハイブリッド）接続方式を利用すると別途料金が発生しますか？",料金・サービスsb
"料金プラン(定期契約あり)の契約満了月は、いつですか?",料金・サービスsb
"フレッツ光のどのサービスに申し込みをしているかわかりません。",料金・サービスsb
"どこで申込みできますか？",料金・サービスsb
" 光 ファミリー・ライトとはどのようなサービスですか？",料金・サービスsb
"解除方法を教えてください。",料金・サービスsb
"光セットアップサポートとはどんなサポートがありますか？",料金・サービスsb
"申込方法を教えてください。",料金・サービスsb
"「基本サービス（プレミアム）」「プレミアム」と「プレミアム」の違いはなんですか？",料金・サービスsb
"解除される場合はありますか？",料金・サービスsb
"光セットアップサポートとはサービス内容を教えてください",料金・サービスsb
"ADSLは電話とインターネットを同時に利用できるのですか？",料金・サービスsb
"ウォレットとは何ですか？",料金・サービスsb
"契約期間を変更することはできますか？またその際の費用も教えてください。",料金・サービスsb
"kazukihay-ltm:getCases kazuki.hayakawa$ python getCases.py",料金・サービスsb
"月額料金はいくらですか？",料金・サービスsb
"ADSL、バリュープランの違いを教えてください。",料金・サービスsb
"どのようなサービスですか？",料金・サービスsb
"光コースを解約した場合、解除料（違約金）はかかりますか？",料金・サービスsb
"毎月の支払額はいくらになりますか？（2017年2月28日以前にお申し込みのお客さま）",料金・サービスsb
"「光 with フレッツ」と「光 フレッツコース」の違いは何ですか？",料金・サービスsb
"どのようなサービスですか？",料金・サービスsb
"途中でバリューパックを解除するとタブレットはどうなりますか？",料金・サービスsb
"申し込みから開通までの流れについて教えてください。",料金・サービスsb
"転用する時にかかる品目変更の手数料・工事費はいくらですか？",料金・サービスsb
"光コースの月額料金を教えてください。",料金・サービスsb
"オプションサービスはいくらですか？",料金・サービスsb
"光 with フレッツとはどのようなサービスですか？",料金・サービスsb
"光コース プレミアムを2年契約で利用しています。契約満了月（解除料がかからない月）以外に解約するといくらかかりますか。",料金・サービスsb
"解約時に解除料はかかりますか？",料金・サービスsb
"途中でプレミアムプランを解除した場合、解除料はかかりますか？",料金・サービスsb
"月額いくらかかりますか？",料金・サービスsb
"毎月の支払額はいくらになりますか？（2017年3月1日以降お申し込みのお客さま）",料金・サービスsb
"どのようなサービスですか？",料金・サービスsb
"バリューパック（for Mobile）とはどのようなサービスですか？",料金・サービスsb
"プレミアムと一緒に申し込む場合と別々で申し込む場合、どちらがおトクですか？",料金・サービスsb
"支払い方法について教えてください。",料金・サービスsb
"月額料金を教えてください。",料金・サービスsb
"光 フレッツコースの利用料金を教えてください。",料金・サービスsb
"ADSL サービスから光 with フレッツに乗り換えた場合、フォンは使えますか？",料金・サービスsb
"解約した場合、解除料はかかりますか？",料金・サービスsb
"対象サービスを教えてください。",料金・サービスsb
"電話加入権不要タイプとはなんですか？",料金・サービスsb
" 光 ファミリー・ライトとは月額料金はいくらですか？",料金・サービスsb
"IPv6 IPoE + IPv4 （IPv6高速ハイブリッド）接続方式を利用すると別途料金が発生しますか？",料金・サービスsb
"料金プラン(定期契約あり)の契約満了月は、いつですか?",料金・サービスsb
"フレッツ光のどのサービスに申し込みをしているかわかりません。",料金・サービスsb
"どこで申込みできますか？",料金・サービスsb
" 光 ファミリー・ライトとはどのようなサービスですか？",料金・サービスsb
"解除方法を教えてください。",料金・サービスsb
"光セットアップサポートとはどんなサポートがありますか？",料金・サービスsb
"申込方法を教えてください。",料金・サービスsb
"「基本サービス（プレミアム）」「プレミアム」と「プレミアム」の違いはなんですか？",料金・サービスsb
"解除される場合はありますか？",料金・サービスsb
"光セットアップサポートとはサービス内容を教えてください",料金・サービスsb
"ADSLは電話とインターネットを同時に利用できるのですか？",料金・サービスsb
"ウォレットとは何ですか？",料金・サービスsb
"契約期間を変更することはできますか？またその際の費用も教えてください。",料金・サービスsb
"月額料金はいくらですか？",料金・サービスsb
"ADSL、バリュープランの違いを教えてください。",料金・サービスsb
"どのようなサービスですか？",料金・サービスsb
"光コースを解約した場合、解除料（違約金）はかかりますか？",料金・サービスsb
"毎月の支払額はいくらになりますか？（2017年2月28日以前にお申し込みのお客さま）",料金・サービスsb
"「光 with フレッツ」と「光 フレッツコース」の違いは何ですか？",料金・サービスsb
"どのようなサービスですか？",料金・サービスsb
"途中でバリューパックを解除するとタブレットはどうなりますか？",料金・サービスsb
"申し込みから開通までの流れについて教えてください。",料金・サービスsb
"転用する時にかかる品目変更の手数料・工事費はいくらですか？",料金・サービスsb
"光コースの月額料金を教えてください。",料金・サービスsb
"オプションサービスはいくらですか？",料金・サービスsb
"光 with フレッツとはどのようなサービスですか？",料金・サービスsb
"光コース プレミアムを2年契約で利用しています。契約満了月（解除料がかからない月）以外に解約するといくらかかりますか。",料金・サービスsb
"解約時に解除料はかかりますか？",料金・サービスsb
"途中でプレミアムプランを解除した場合、解除料はかかりますか？",料金・サービスsb
"月額いくらかかりますか？",料金・サービスsb
"毎月の支払額はいくらになりますか？（2017年3月1日以降お申し込みのお客さま）",料金・サービスsb
"どのようなサービスですか？",料金・サービスsb
"バリューパック（for Mobile）とはどのようなサービスですか？",料金・サービスsb
"プレミアムと一緒に申し込む場合と別々で申し込む場合、どちらがおトクですか？",料金・サービスsb
"支払い方法について教えてください。",料金・サービスsb
"月額料金を教えてください。",料金・サービスsb
"光 フレッツコースの利用料金を教えてください。",料金・サービスsb
"ADSL サービスから光 with フレッツに乗り換えた場合、フォンは使えますか？",料金・サービスsb
"解約した場合、解除料はかかりますか？",料金・サービスsb
"対象サービスを教えてください。",料金・サービスsb
"電話加入権不要タイプとはなんですか？",料金・サービスsb
" 光 ファミリー・ライトとは月額料金はいくらですか？",料金・サービスsb
"IPv6 IPoE + IPv4 （IPv6高速ハイブリッド）接続方式を利用すると別途料金が発生しますか？",料金・サービスsb
"料金プラン(定期契約あり)の契約満了月は、いつですか?",料金・サービスsb
"フレッツ光のどのサービスに申し込みをしているかわかりません。",料金・サービスsb
"どこで申込みできますか？",料金・サービスsb
" 光 ファミリー・ライトとはどのようなサービスですか？",料金・サービスsb
"解除方法を教えてください。",料金・サービスsb
"光セットアップサポートとはどんなサポートがありますか？",料金・サービスsb
"申込方法を教えてください。",料金・サービスsb
"「基本サービス（プレミアム）」「プレミアム」と「プレミアム」の違いはなんですか？",料金・サービスsb
"解除される場合はありますか？",料金・サービスsb
"光セットアップサポートとはサービス内容を教えてください",料金・サービスsb
"ADSLは電話とインターネットを同時に利用できるのですか？",料金・サービスsb
"ウォレットとは何ですか？",料金・サービスsb
"契約期間を変更することはできますか？またその際の費用も教えてください。",料金・サービスsb
"はじめよう Air割とはどのようなキャンペーンですか？",キャンペーンsb
"光 乗り換えで回線工事費無料とはどのようなキャンペーンですか？",キャンペーンsb
"おうち割 光セット増額キャンペーンとはどのようなキャンペーンですか？（光 ファミリー・ライト）",キャンペーンsb
"あんしん乗り換えキャンペーンとはどのようなキャンペーンですか？",キャンペーンsb
"光 引越しで回線工事費無料とはどのようなキャンペーンですか？",キャンペーンsb
"あんしん乗り換えキャンペーンとは申し込み方法を教えてください。",キャンペーンsb
"あんしん乗り換えキャンペーンとは加入に必要な条件はありますか？",キャンペーンsb
"あんしん乗り換えキャンペーンとは対象サービスを教えてください。",キャンペーンsb
"光 ファミリー・ライトとはデータ量の目安を教えてください。",キャンペーンsb
"光 乗り換えで回線工事費無料とは特典はいつから適用されますか？",キャンペーンsb
"キャンペーン特典の発送状況はどこで確認できますか。",キャンペーンsb
"光 乗り換え新規限定 2.4万円キャンペーンとはどのようなキャンペーンですか？",キャンペーンsb
"[光 乗り換え新規限定 2.4万円キャンペーン（2017）]どのようなキャンペーンですか？",キャンペーンsb
"春のAir割（580円割引）どのようなキャンペーンですか？",キャンペーンsb
"25歳以下限定 Air 2万円キャンペーンとはどのようなキャンペーンですか？",キャンペーンsb
"光 乗り換えで回線工事費無料とは併用できるキャンペーンは他にありますか？",キャンペーンsb
"光 乗り換え／引越しで回線工事費無料とは特典が解除されるのはどのような場合ですか？",キャンペーンsb
"光 引越しで回線工事費無料とは特典はいつから適用されますか？",キャンペーンsb
"光 引越しで回線工事費無料とは併用できるキャンペーンは他にありますか？",キャンペーンsb
"光 with フレッツ／フレッツコースを解約した場合、解除料（違約金）はかかりますか？",申込sb
"現在、ADSLサービス利用しています。バリュープランに変更した場合、キャンペーンは適用になりますか。",申込sb
"IPv6 IPoE + IPv4 （IPv6高速ハイブリッド）接続方式は誰でも利用できますか？申し込み条件はありますか？",申込sb
"光ユニットが届きました。フレッツ光回線の工事完了前ですが、接続していいのでしょうか。",申込sb
"光 with フレッツ／光 フレッツコースは申し込みから利用開始までの流れを教えてください。",申込sb
"「フレッツ光」と「光 with フレッツ」は、別々に申し込みが必要ですか？",申込sb
"光は申し込みから開通までの流れについて教えてください。",申込sb
"光 with フレッツに新規申し込みをしたいのですが、どうすれば良いですか？",申込sb
"光 with フレッツへの申し込みにあたって、NTTへフレッツ光回線の申し込み手続きは必要ですか？",申込sb
"光 with フレッツの利用可能な条件を教えてください。",申込sb
"ADSLサービスを利用したいのですが、どうすればいいですか？",申込sb
"固定電話（電話加入権）を持っていませんが光 with フレッツを利用できますか？",申込sb
"地デジは地デジチューナープラス／Wi-Fi地デジパックはどのサービスでも利用できますか？",申込sb
"for Mobileどこで申し込み出来ますか？",申込sb
"ADSLは他社ADSLを利用中です。切り替えはいつ行ったらいいですか？",申込sb
"現在、フレッツ光を他社プロバイダで利用していますが光 with フレッツに乗り換えることはできますか？",申込sb
"の通常タイプにてADSLを利用中ですが、もう１回線別に電話加入権不要タイプを申し込むことはできますか？",申込sb
"光シティに申し込むための条件はありますか？",申込sb
"光シティは申し込んでからどのくらいで利用できますか？",申込sb
"証明書が運転免許証で裏面に新住所が記載されています。両面のコピーが必要ですか？",申込sb
"ADSL 電話加入権不要タイプは証明書が運転免許証で裏面に新住所が記載されています。両面のコピーが必要ですか？",申込sb
"光 with フレッツはどのタイプのフレッツ光サービスでも利用できますか？",申込sb
"光はどこで申込みできますか？",申込sb
"現在ISDN回線（INSネット64）を利用していますが、ADSLサービスに申し込みできますか？",申込sb
"支払クレジットカードの名義が申し込み本人と異なる場合、申し込みできますか？",申込sb
"未成年申込みについて確認したい",申込sb
"他社の電話加入権不要タイプを利用していますが、電話加入権不要タイプを申し込み後も引き続き利用できますか？",申込sb
"現在ADSLサービスを利用していますが、新しく光シティサービスも一緒に利用することはできますか？",申込sb
"申込者が未成年のため、申込名義人名が証明書の名前と異なりますが申し込みはできますか？また、保護者(二親等以内)の証明書と同一住所でなくても大丈夫ですか？",申込sb
"NTT以外の光回線でも光 with フレッツ／光 フレッツコースを利用できますか？",申込sb
"ADSLと同時に契約できない電話サービスはありますか？",申込sb
"借家ですが光サービスの利用は可能ですか？",申込sb
"モデムを持ち込んだ場合でも新規契約者の特典／キャンペーンの対象になりますか？",申込sb
"「光 with フレッツ」に申し込みたいのですが、どの地域でも申し込めますか？",申込sb
"for Mobileは申し込み時に何か特典はありますか？",申込sb
"光ユニットが届きました。フレッツ光回線の工事完了前ですが、接続していいのでしょうか。",開通工事についてsb
"申し込みから利用開始までの流れを教えてください。",開通工事についてsb
"申し込みから開通までの流れについて教えてください。",開通工事についてsb
"IPv6 IPoE + IPv4 （IPv6高速ハイブリッド）接続方式を利用する場合は別途工事が必要ですか？",開通工事についてsb
"光 with フレッツ／光 フレッツコースの工事についてはどこへ問い合わせれば良いですか？",開通工事についてsb
"ADSLを利用するには工事が必要と聞きましたが、どんな工事があるのですか？",開通工事についてsb
"NTTの電話移設工事予定日とサービス の工事予定日が別の日ですが大丈夫ですか？",開通工事についてsb
"ADSL 電話加入権不要タイプの宅内の工事とありますが、工事が行えない場合がありますか？",開通工事についてsb
"フレッツ光回線の工事日が決まりました。 での手続きは別途必要ですか？",開通工事についてsb
"光セットアップサポートのどんなサポートがありますか？",開通工事についてsb
"フレッツ光回線の工事が延期になりました。何か手続きが必要ですか？",開通工事についてsb
"フレッツ光回線の開通時期を教えてください。",開通工事についてsb
"光セットアップサポートのサービス内容を教えてください",開通工事についてsb
"サービス変更や解約をした場合に、返却が必要な機器を教えてください。",料金/サービス変更sb
"提供の有料サービスの利用停止方法を教えてください。",料金/サービス変更sb
"オプションサービスの申し込み、利用停止の手続き方法を教えてください。",料金/サービス変更sb
"モデムなど機器が返却されたかどうか確認する方法を教えてください。",料金/サービス変更sb
"「ご利用開始のご案内」で ID、パスワード／S-ID（認証ID）、パスワードを確認する方法を教えてください。",料金/サービス変更sb
"サービス変更をした場合、モデムなどの機器はいつまでに返却すればいいですか？",料金/サービス変更sb
" ADSLから バリュープランへの変更方法を教えてください。",料金/サービス変更sb
"ADSL 通常タイプを利用していますが、光 with フレッツに乗り換えた場合、月額料金と通信速度はどのように変わりますか？",料金/サービス変更sb
"サービス変更をする場合、手数料等がかかりますか？",料金/サービス変更sb
"バリュープランへサービス変更した場合、「ご利用開始のご案内（スターターパック）」は新たに届きますか？",料金/サービス変更sb
"バリュープランにサービス変更をした場合、料金はいつから変わりますか？",料金/サービス変更sb
"現在、ADSLサービス利用しています。バリュープランに変更した場合、キャンペーンは適用になりますか。",料金/サービス変更sb
"バリュープランへの変更に伴い、標準工事費の支払い期間はどうなりますか？",料金/サービス変更sb
"光 with フレッツにサービス変更する場合、ADSL サービスの契約は解約手続きが必要ですか？",料金/サービス変更sb
"バリュープランへ変更すると、 IDやメールアドレスは変更になりますか？",料金/サービス変更sb
"ADSLでサービス変更をした場合、今まで利用していたモデムはそのまま使えますか？",料金/サービス変更sb
"サービス変更や解約をした場合、利用しなくなったモデムなどの接続機器はどうすればいいですか？",料金/サービス変更sb
"ADSLサービスから、光 with フレッツに変更した場合、利用していたオプションサービスは継続して利用できますか？",料金/サービス変更sb
"加入中のサービスを変更をしました。正しく登録できているか確認する方法を教えてください。",料金/サービス変更sb
"ADSL サービスから光に乗り換えた場合、 ID・カスタマーIDはどうなりますか？",料金/サービス変更sb
"転用する時にかかる品目変更の手数料・工事費はいくらですか？",料金/サービス変更sb
"で提供している各種サービスについて確認したい。",料金/サービス変更sb
"ADSL サービスから光 with フレッツにサービス変更した場合、メールアドレスは変更になりますか？",料金/サービス変更sb
"現在、BBフォンを契約していませんが、バリュープランへ変更できますか。",料金/サービス変更sb
"引越し手続きと同時に「バリュープラン」へサービスを変更できますか？",料金/サービス変更sb
"ADSL サービスから光 with フレッツへのサービス変更をすると、いつまでADSLサービスを利用できますか？",料金/サービス変更sb
"回線速度変更（サービス変更）手続きはどこで行えますか？",料金/サービス変更sb
"支払い方法について教えてください。",料金/サービス変更sb
"どこで申込みできますか？",料金/サービス変更sb
"ADSL サービスで使用している IDやBBフォン050番号を引き継いだまま、光 with フレッツへ申し込みできますか？",料金/サービス変更sb
"電話加入権不要タイプで申し込み、その後電話加入権を取得した場合、解約せずに通常タイプへ移行できますか？",料金/サービス変更sb
"サービス変更をした場合、いつからADSLは使えなくなりますか？",料金/サービス変更sb
"「プレミアム」解除方法を教えてください。",料金/サービス変更sb
"他社ADSLサービスから光サービスへ乗り換えた場合、インターネットを利用できない期間は具体的にどの程度発生しますか？",料金/サービス変更sb
"ADSLサービスから光シティへサービス変更した場合、BBフォン「050番号」は変更されるのですか？",料金/サービス変更sb
"「基本サービス（プレミアム）」解除方法を教えてください。",料金/サービス変更sb
"ADSL サービスから光 with フレッツにサービス変更した場合、のコンテンツ特典は、そのまま使えますか？",料金/サービス変更sb
"現在、ADSL電話加入権不要タイプを利用していますが、光 with フレッツへサービス変更をすることはできますか？",料金/サービス変更sb
"ADSL サービスから光 with フレッツにサービス変更しましたが、支払い方法の登録は、もう一度する必要ありますか？",料金/サービス変更sb
" 光へのサービス変更可能なサービスは何ですか？",料金/サービス変更sb
"「プレミアム」解除方法を教えてください。",料金/サービス変更sb
"光サービスからADSLへのサービス変更は可能ですか？",料金/サービス変更sb
"毎月の支払いをクレジットカードに変更する方法を教えてください。",請求/支払いsb
"「ご利用開始のご案内」でサービス ID、パスワード／S-ID（認証ID）、パスワードを確認する方法を教えてください。",請求/支払いsb
"支払いができなかったため、インターネットサービスが停止されました。サービス再開するにはどのような手続きが必要ですか？",請求/支払いsb
"光 with フレッツ／フレッツコースを解約した場合、解除料（違約金）はかかりますか？",請求/支払いsb
"解約した場合、料金はいつまで請求されますか？",請求/支払いsb
"請求金額を確認する方法を教えてください。",請求/支払いsb
"月額利用料金が決まっているはずなのに、毎月の請求額が違うのはなぜですか？",請求/支払いsb
"サービスの利用明細やBBフォンの通話料を確認する方法を教えてください。",請求/支払いsb
"サービス変更をする場合、手数料等がかかりますか？",請求/支払いsb
"料金の支払い方法にはどのような種類がありますか？",請求/支払いsb
"料金はどちらから請求されますか？",請求/支払いsb
"現在登録している支払い方法はどこで確認できますか？（サービスウォレットご利用の場合）",請求/支払いsb
"コンビニエンスストア払込票を紛失・破損して支払いができませんでした。支払いはどうしたらいいですか？",請求/支払いsb
"モデムのレンタル料を毎月払うのではなく、自分で用意したモデムを使いたいのですが可能ですか？",請求/支払いsb
"料金の請求時期、支払時期を教えてください。",請求/支払いsb
"月の途中で解約をした場合、料金は日割りになりますか？",請求/支払いsb
"口座振替（引き落とし）は毎月何日ですか？",請求/支払いsb
"支払い方法を登録するにはどうしたらいいですか？（銀行、ゆうちょ銀行などの金融機関）",請求/支払いsb
"レンタルしているモデムが壊れたときは、修理は有償ですか？",請求/支払いsb
"契約者と違う名義の口座を登録できますか？",請求/支払いsb
"で提供している各種サービスについて確認したい。",請求/支払いsb
"支払方法を登録したはずなのに請求書が届きました。なぜですか？",請求/支払いsb
"BBフォンの通話明細の確認方法を教えてください。",請求/支払いsb
"コンビニエンスストア払込票が届きましたが、振り込みで支払いたいです。振込用の口座はありますか？",請求/支払いsb
"ADSLモデムのレンタル料金はいくらですか？",請求/支払いsb
"請求の内訳はどこで確認できますか？",請求/支払いsb
"月額利用料金以外に通信料は別途必要ですか？",請求/支払いsb
"請求書での支払いは可能ですか？",請求/支払いsb
"利用料金はどのように支払うのですか？",請求/支払いsb
"コンビニエンスストア払込票の手数料というのは何ですか？",請求/支払いsb
"支払い方法を登録・変更する方法を教えてください。（サービス指定銀行）",請求/支払いsb
"支払いができているかどうかを確認することはできますか？",請求/支払いsb
"支払い方法について教えてください。",請求/支払いsb
"特典適用条件を教えてください。",請求/支払いsb
"ADSL サービスから光 with フレッツにサービス変更しましたが、ADSLサービスの料金も請求されました。なぜですか？",請求/支払いsb
"光サービスの月額利用料金と一緒に、サービスからの請求も入っています。",請求/支払いsb
"支払い方法に登録できる金融機関を知りたい",請求/支払いsb
"解約したのにBBフォンの通話料が請求されています。",請求/支払いsb
"料金はいつから発生しますか？",請求/支払いsb
"NTTと当社から別々に請求されますが、一括請求してくれますか？",請求/支払いsb
"コンビニエンスストア払込票を支払方法として登録できますか？",請求/支払いsb
"の月額利用料金と一緒に、サービスからの請求も入っています。",請求/支払いsb
"料金の請求時期、支払時期を教えてください",請求/支払いsb
"光の月額利用料金はいつから発生しますか？",請求/支払いsb
"複数のサービス IDに対する請求をまとめることはできますか？",請求/支払いsb
"BBフォンの通話明細郵送サービスの申し込み方法を教えてください。",請求/支払いsb
"転送電話サービスの申し込みを検討していますが、転送時の通話料はどちらが負担するのですか？",請求/支払いsb
"引越しした場合、支払方法の変更手続きは必要ですか?",請求/支払いsb
"支払い方法を変更するにはどうしたらいいですか？（銀行、ゆうちょ銀行などの金融機関）",請求/支払いsb
"料金プラン(定期契約あり)の契約満了月は、いつですか?",請求/支払いsb
"の利用料金はいつから発生しますか？",請求/支払いsb
"月の途中でおでかけアクセスを解約した場合の料金はどうなりますか？",請求/支払いsb
"インターネットを使わない月も月額利用料金は請求されますか？",請求/支払いsb
"支払クレジットカードの名義が申し込み本人と異なる場合、申し込みできますか？",請求/支払いsb
"料金の請求時期、支払時期を教えてください。",請求/支払いsb
"モバイル接続サービス（おでかけアクセス）の利用料金はいくらですか？",請求/支払いsb
"電話・リモートサポートを利用した場合の料金はいつ支払うのですか？",請求/支払いsb
"毎月の支払いをクレジットカードに変更する方法を教えてください。",請求/支払いsb
"訪問サポートでは、問題が解決しなかった場合でも料金は発生しますか？",請求/支払いsb
"月額利用料金とBBフォン通話料金の請求を別々に支払うことはできますか？",請求/支払いsb
"保証書の買取したモデムの保証書を紛失してしまった場合、故障時に保証は受けられないのでしょうか？",請求/支払いsb
"訪問サポートを利用した場合の料金はいつ支払うのですか？",請求/支払いsb
"ADSLモデムには、保証書は付いていないのですか？",請求/支払いsb
"訪問サポートでスタッフが訪問した時に不在にしてしまった場合でも料金は発生しますか？",請求/支払いsb
"リフォームなどにより成端キャビネット(あるいは光ターミナル)を移設する場合、移設費はかかりますか？",請求/支払いsb
"転送電話サービスで利用した料金は、通話明細にはどのように表示されますか？",請求/支払いsb
"サービスウォレットとは何ですか？",請求/支払いsb
"契約期間を変更することはできますか？またその際の費用も教えてください。",請求/支払いsb
"毎月の支払いをクレジットカードに変更する方法を教えてください。",請求/支払いsb
"",請求/支払いsb
"工事費の分割払いはできますか？",請求/支払いsb
"料金の請求時期、支払時期を教えてください",請求/支払いsb
"支払い方法を登録・変更するにはどうしたらいいですか？（銀行、ゆうちょ銀行などの金融機関）",請求/支払いsb
"光 with フレッツ／フレッツコースのインターネットに有線接続するためのパソコン設定方法を教えてください。",接続/設定sb
"インターネットに接続するための、認証ID（S-ID）、パスワードはどこで確認できますか？",接続/設定sb
"ADSLの有線でインターネットに接続するためのパソコンの設定方法を教えてください。",接続/設定sb
"ADSLの無線LANの設定をしましたが、インターネットに接続できません。どうしたらいいですか？",接続/設定sb
"モデムなどの機器の配線方法を教えてください。",接続/設定sb
"SSID、WEPキーとは何ですか？",接続/設定sb
"ADSLと併用できないサービスはありますか？",接続/設定sb
"光 with フレッツ／フレッツコースのハイスピードタイプの接続方法を教えてください。",接続/設定sb
"公衆無線LANでインターネットを利用するためには何が必要ですか？",接続/設定sb
"雷が鳴っているときに何か気をつけることはありますか？",接続/設定sb
"ADSLを利用していますが、複数のモジュラージャックを利用するにはどうすればいいですか？",接続/設定sb
"公衆無線LANで利用する、SSID、暗号化キーを確認する方法を教えてください。",接続/設定sb
"光 with フレッツ／光 フレッツコースのNTTから配布されているセットアップCDで設定ができません。",接続/設定sb
"インターネットに接続できるようになりました。その他、利用するのに必要なことを教えてください。",接続/設定sb
"ADSLの同時に2台以上のパソコンをインターネットに接続することはできますか？",接続/設定sb
"Windows 7でのメール送受信方法を教えてください。",接続/設定sb
"認証ID（PPPoEユーザー名）とは何ですか？",接続/設定sb
"ではIPv6によるインターネット接続サービスは利用できますか？",接続/設定sb
"地デジチューナー（R）のの特長を教えてください。",接続/設定sb
"IPv6高速ハイブリッド（IPv6 IPoE + IPv4）を利用する場合、設定などの変更は必要ですか？",接続/設定sb
"おまかせセットアップの「いつでも！BB」に対応しているOSは何ですか？",接続/設定sb
"ADSLのは無線LANには対応していますか？",接続/設定sb
"メールソフトでメールアドレス（○○○@ybb.ne.jp）のメール送受信を行うための設定を教えてください。",接続/設定sb
"おでかけアクセスのユーザID、パスワードを確認する方法を教えてください。",接続/設定sb
"ADSLのルータやハブは使えますか？",接続/設定sb
"ADSL 通常タイプでは、複数台のパソコンを接続できますか？",接続/設定sb
"ホームテレフォンを利用していて、インターネット接続ができない場合どうしたらいいですか？",接続/設定sb
"NAT機能とは何ですか？また、現在使っているモデムにNAT機能が付いているかどうかどうやって確認したらいいですか？",接続/設定sb
"おまかせセットアップの「いつでも！BB」のアンインストール方法を教えてください。",接続/設定sb
"複数のメールアドレスを使用していますが、OP25B実施時はすべて設定変更が必要になりますか？",接続/設定sb
"IPv6 IPoE + IPv4 （IPv6高速ハイブリッド）接続方式を利用していますが、BBフォンの着信ができません。対処方法を教えてください。",接続/設定sb
"おまかせセットアップのセットアップCDを紛失してしまいました。どうすればいいですか？",接続/設定sb
"おまかせセットアップの「いつでも！BB」ではどのようなことができますか？",接続/設定sb
"「Wi-Fiマルチパック」と「無線LANパック」で利用できるパソコン側無線LANアダプタを教えてください。",接続/設定sb
"メールの利用方法を教えてください。",接続/設定sb
"のメールは「Outlook Express」以外のメールソフトにも対応していますか？",接続/設定sb
"ワイヤレスブロードバンドローミングのSSID、WEPキーがわからない。",接続/設定sb
"ADSLモデムにはLANポートはいくつ付いていますか？",接続/設定sb
"ダイヤルアップサービスのユーザID（ユーザ名）、パスワードを確認する方法を教えてください。",接続/設定sb
"「Wi-Fiマルチパック」と「無線LANパック」を使うと何台まで無線LAN接続ができますか？",接続/設定sb
"地デジの地デジチューナープラス／Wi-Fi地デジパックの接続設定方法を教えてください。",接続/設定sb
"公衆無線LANを利用したいのですが、ログイン画面が表示されません。",接続/設定sb
"モデムのNAT機能（ルーター機能）を無効にする方法を教えてください。",接続/設定sb
"地デジチューナー（R）の対応しているハードディスクを教えてください",接続/設定sb
"光 with フレッツ／光 フレッツコースのBBフォンは市外局番を省略してダイヤルできますか？",接続/設定sb
"「Wi-Fiマルチパック」と「無線LANパック」ではどのようなセキュリティ設定ができますか？",接続/設定sb
"地デジチューナー（R）の地デジチューナーを交換したら番組が視聴できなくなりました。なぜですか？",接続/設定sb
"Windows Live メールでメールアドレス（○○○@ybb.ne.jp）のメール送受信をする方法を教えてください。",接続/設定sb
"接続設定を確認する方法がわかりません。(IE7)",接続/設定sb
"Windows 8でのメール送受信方法を教えてください。",接続/設定sb
"BBフォンステーションモデムの途中買取料金を教えてください。",接続/設定sb
"ADSLモデムから無線LANで接続しているパソコンと、有線LANで接続しているパソコンの間では、通信はできますか？",接続/設定sb
"モデムのセットアップ画面にログインする際のユーザ名・パスワードを教えてください。",接続/設定sb
"地デジチューナー（R）の録画にはどれぐらいのハードディスク容量が必要ですか？",接続/設定sb
"デバイスマネージャの確認方法がわかりません。（Windows Vista）",接続/設定sb
"無線LANのセキュリティ設定をしないとどうなりますか？",接続/設定sb
"バリューパックのタブレットのWi-Fi設定方法を教えて下さい。",接続/設定sb
"モデム／光BBユニットに現在設定されているSSID、暗号化キーを確認する方法を教えてください。",接続/設定sb
"パソコンのIPアドレスを固定にすることはできますか？",接続/設定sb
"電話回線を使った機器(スカイパーフェクTV!のPPV、オフトーク通信など)を使った機器の接続方法がわかりません。",接続/設定sb
"ADSLの無線LANパックを利用して、無線LANと有線LAN間でファイルやフォルダの共有はできますか？",接続/設定sb
"ADSLのグローバルIPアドレスは提供していますか？",接続/設定sb
"「ポート開放」する方法を教えてください。",接続/設定sb
"インターネット接続ができません。(ノーリンギングサービスやセキュリティシステムを利用している場合)",接続/設定sb
"WEBページのボタンをクリックしても反応しない。(Javaスクリプトの設定方法)",接続/設定sb
"デバイスマネージャの確認方法がわかりません。（Windows XP）",接続/設定sb
"地デジチューナー（R）の専用アプリのダウンロード方法を教えて下さい。",接続/設定sb
"地デジチューナー（R）の「チューナーが見つかりません」と出ます。どうしたらいいですか？",接続/設定sb
"ADSL 通常タイプを利用しても、FAXは併用できますか？",接続/設定sb
"ひかり電話対応ルータに光BBユニットを接続したいのですが、PPPoEブリッジ（PPPoEパススルー）設定の方法がわかりません。",接続/設定sb
"メールソフトを利用していますが、同じメールが2通届きます。",接続/設定sb
"WEBページのボタンをクリックしても反応しない。(Javaスクリプトの設定方法)",接続/設定sb
"ADSLのNAT機能を有効にしたら通信速度が落ちてしまいました。",接続/設定sb
"地デジチューナー（R）の対応しているテレビを教えてください。",接続/設定sb
"地デジチューナー（R）の外ならどこでも使うことはできますか？",接続/設定sb
"NAT機能の設定方法を教えてください(BBModem 4-G、トリオモデム3-G plus/3G/26M)",接続/設定sb
"バリューパックのタブレット／アプリの設定方法を教えてください。",接続/設定sb
"サブミッションポートの設定方法は？",接続/設定sb
"セキュリティ設定のリセット方法がわかりません。(IE7)",接続/設定sb
"バリューパックのタブレットのかんたん設定をスキップしてしまいました。もう一度かんたん設定をすることはできますか？",接続/設定sb
"複数台の電話機を接続することはできますか？",接続/設定sb
"地デジチューナー（R）のハードディスクとパソコンを直接USBケーブルで接続して、録画した番組を視聴できますか？",接続/設定sb
"バリューパックのタブレットでメールを利用するための設定方法を教えてください。",接続/設定sb
"ADSLの無線LANパックが正式にサポートしている通信規格は何ですか？",接続/設定sb
"ADSLのNAT機能を利用しなくてはいけないのですか？",接続/設定sb
"バリューパックのタブレットを使うための基本的な操作方法を教えてください。",接続/設定sb
"ADSLのNAT機能を利用するとパソコンに割り振られるIPアドレスは変更されますか？",接続/設定sb
"ネットワークブリッジの削除方法がわかりません。(Windows XP)",接続/設定sb
"ダイヤルアップサービスは、接続サービス毎にユーザID（ユーザ名）を変えることはできますか？",接続/設定sb
"ADSL サービスから光 with フレッツ／光 フレッツコースへサービス変更しましたが、メール設定は再度必要ですか？",接続/設定sb
"光の機器の接続方法を教えてください。",接続/設定sb
"バリューパックのオプションサービスのアプリを誤って削除してしまいました。再インストールはできますか？",接続/設定sb
"おまかせセットアップのどのような設定ができますか？",接続/設定sb
"ダイヤルアップ接続サービスはありますか？",接続/設定sb
"利用しているプロバイダーがサブミッションポート(587番ポート)を用意していない場合はどうすればいいですか(他社プロバイダーのメールサーバー利用のケース)？",接続/設定sb
"LAN回線を使った機器(地上・BSデジタル放送など)を使った機器の接続方法がわかりません。",接続/設定sb
"を解約した後、おでかけアクセスのみ継続して利用することはできますか？",接続/設定sb
"地デジチューナー（R）のスマートフォンを複数台持っていますが、1台の地デジチューナーで両方とも使えますか？",接続/設定sb
"地デジチューナー（R）のテレビのアンテナ端子をつなぐ空きがありません。どうしたらいいですか？",接続/設定sb
"おまかせセットアップのCD-ROMをパソコンに入れても自動的に起動しません。どうすればいいですか？",接続/設定sb
"地デジチューナー（R）のテレビのアンテナがなくても受信できますか？",接続/設定sb
"モジュラージャックとパソコンの間に距離があるのですが、どうすればいいですか？",接続/設定sb
"ADSLのスプリッタとはどのような機器ですか？",接続/設定sb
"おまかせセットアップのどのような機能がありますか？",接続/設定sb
"無線LANカードのドライバのインストール方法を教えてください。（Windows XPの場合）",接続/設定sb
"ポート転送設定は必ず設定する必要がありますか？",接続/設定sb
"おまかせセットアップの対応しているOSやメールソフトを教えてください。",接続/設定sb
"Internet Explorerの詳細設定をリセットするにはどうしたらいいですか？(IE7)",接続/設定sb
"「Wi-Fiマルチパック」と「無線LANパック」で無線LAN接続をしているパソコンどうしで、ファイルやフォルダの共有はできますか？",接続/設定sb
"地デジチューナー（R）の録画した番組はテレビでも視聴できますか？",接続/設定sb
"モバイル接続サービス（おでかけアクセス）の利用料金はいくらですか？",接続/設定sb
"ポート転送設定をするにはどうすればよいですか？",接続/設定sb
"モデムのセットアップ画面の「ポート転送設定」の項目に「WAN側ポート番号」「LAN側ポート番号」とありますが、どのように設定すればいいですか？",接続/設定sb
"ADSLの現在利用しているモデムにNAT機能はついていますか？",接続/設定sb
"プッシュ回線、ダイヤル回線の設定はどうすればいいですか？",接続/設定sb
"海外ローミングのiPass Open Mobileの利用方法を教えて下さい。（iOS）",接続/設定sb
"NAT機能を利用するにあたって何か必要なものはありますか？",接続/設定sb
"地デジチューナー（R）のハードディスクがいっぱいになりました。どうすれば良いですか？",接続/設定sb
"無線LANの通信距離はどれくらいですか？",接続/設定sb
"ダイヤルアップ利用時のパソコンの設定方法が分かりません。",接続/設定sb
"各サービスのWindows 8対応状況を教えてください。",接続/設定sb
"モデムとTAを接続しようとしていて、どちらの電源アダプタがどちらのものか分からなくなってしまいました。",接続/設定sb
"ADSLの自分が使っているモデムの見分け方を教えてください。",接続/設定sb
"ネットワークブリッジの削除方法がわかりません。(Windows Vista)",接続/設定sb
"Xbox Liveは利用できますか？ Xbox Liveを利用するとき、ADSLモデムはどのように接続しますか?",接続/設定sb
"ダイヤルアップのアクセスポイントの電話番号はどこで調べられますか？",接続/設定sb
"ダイヤルアップサービスは、申し込み後いつから利用できますか？",接続/設定sb
"ルータを接続するとインターネットが利用できなくなってしまいます。",接続/設定sb
"セキュリティ設定のリセット方法がわかりません。(IE6以前)",接続/設定sb
"地デジチューナー（R）のUSBハブ（HUB）を使って、ハードディスクを複数台接続できますか？",接続/設定sb
"地デジチューナー（R）のBSやCSは視聴／録画できますか？",接続/設定sb
"ダイヤルアップサービスは、AIR-EDGEでの接続に対応していますか？",接続/設定sb
"地デジチューナー（R）の複数人で同時に利用できますか？",接続/設定sb
"ADSLのNAT機能を利用するメリットは何ですか？",接続/設定sb
"光BBユニットから無線LANで接続しているパソコンと、有線LANで接続しているパソコンの間では、通信はできますか？",接続/設定sb
"独自にメールサーバーを運用していますが、メール送信は可能ですか？",接続/設定sb
"海外ローミングのアクティベーションした後に違うプロバイダの接続用IDに変更したい。",接続/設定sb
"自宅で無線LANを使う場合、壁越しに通信できますか？",接続/設定sb
"公衆無線LANは、アクセスエリアからどのくらいの範囲で利用することが可能ですか?",接続/設定sb
"海外ローミングの他のプロバイダと使い分けることはできますか？",接続/設定sb
"地デジチューナー（R）の予約した番組の時間が重なった場合どうなりますか？",接続/設定sb
"地デジチューナー（R）の申し込み方法を教えて下さい。",接続/設定sb
"インターネット一時ファイルの削除方法がわかりません。(IE7)",接続/設定sb
"地デジチューナー（R）のケーブルテレビの視聴はできますか？",接続/設定sb
"無線LANのモデム詳細設定にてチャンネルが2に設定されていましたが、変更しても問題ありませんか？",接続/設定sb
"Internet Explorerの詳細設定をリセットするにはどうしたらいいですか？(IE6以前)",接続/設定sb
"ガスの検針装置や警報転送装置が付いていますが、ADSLは利用できますか？",接続/設定sb
"地デジチューナー（R）の地デジチューナーを交換後、今まで録画した番組が視聴できますか？",接続/設定sb
"光の1台の光BBユニットに対して何台のパソコンが無線LAN接続できますか？",接続/設定sb
"地デジチューナー（R）の自宅内で使用する場合、どれぐらいの距離まで受信できますか？",接続/設定sb
"ダイヤルアップサービスのユーザID(ユーザ名)を変えることはできますか？",接続/設定sb
"NAT機能を利用すると別料金が発生しますか?",接続/設定sb
"PacketWINとは何ですか?",接続/設定sb
"メールでは、どのぐらいのサイズまでメールで送信できますか？",接続/設定sb
"iPass Connectなしでも海外ローミングサービスを利用できますか？",接続/設定sb
"地デジチューナー（R）の録画は連続で最大何時間できますか？",接続/設定sb
"iPass Connectで海外ローミングを利用できないのですが",接続/設定sb
"ADSLのNAT機能が搭載される事でBBフォンも設定が必要になりますか?",接続/設定sb
"おまかせセットアップのセットアップCDを使いたいのですが、パソコンにCD-ROMドライブがありません。どうすればいいですか？",接続/設定sb
"モバイル接続は、Docomo DoPaに対応していますか？",接続/設定sb
"キャリアアダプタ（電話会社を自動的に選択するアダプタ）が接続されていますが、問題はありますか？",接続/設定sb
"ホームテレフォンやホームセキュリティなどと併用できますか？",接続/設定sb
"モバイル接続は、FOMAに対応していますか？",接続/設定sb
"海外ローミングの接続ソフト（iPass Open Mobile）はどこからダウンロードできますか？",接続/設定sb
"海外ローミングのiPass Open Mobileの利用方法を教えて下さい。（Android）",接続/設定sb
"インターネット一時ファイルの削除方法がわかりません。(IE6以前)",接続/設定sb
"新バージョン「iPass Connect Ver.3.62」へのアップグレード方法を教えてください。",接続/設定sb
"Windows 10でのメール送受信方法を教えてください。",接続/設定sb
"地デジチューナー（R）のハードディスク容量ごとの録画可能時間を教えてください。",接続/設定sb
"海外ローミングのiPass Open Mobileの利用方法を教えて下さい。（Windows）",接続/設定sb
"バリューパックの 東芝タブレット（TOSHIBA A204YB）の初期設定を教えてください。",接続/設定sb
"地デジチューナー（R）のハードディスクに保存できる番組数に制限はありますか？",接続/設定sb
"地デジチューナー（R）の放送局の都合で放送時間が変更された場合、予約録画は自動で変更になりますか？",接続/設定sb
"地デジチューナー（R）の「番組の持ち出し」とは何ですか？",接続/設定sb
"各サービスのWindows 10対応状況を教えてください。",接続/設定sb
"バリューパックの東芝タブレット（TOSHIBA A205SB）の初期設定を教えてください。",接続/設定sb
"ADSLインターネットにつながらない場合、何を確認すればいいですか？",トラブルシューティングsb
"ADSL通信速度が遅い場合の改善方法を教えてください。",トラブルシューティングsb
"モデム返却の督促状が届きました。モデムの返却状況を確認する方法はありますか？",トラブルシューティングsb
"1から始まる3桁の番号（117など）やフリーダイヤルが利用できません。",トラブルシューティングsb
"BBフォンが使えません。どうしたら良いですか？",トラブルシューティングsb
" インターネットにつながらない場合、何を確認すればいいですか。",トラブルシューティングsb
"支払いができなかったため、インターネットサービスが停止されました。サービス再開するにはどのような手続きが必要ですか？",トラブルシューティングsb
"ADSL電話にノイズが入る場合どうしたらいいですか？",トラブルシューティングsb
"ADSL電話がかかってくるとインターネット接続が切断されてしまいます。",トラブルシューティングsb
"雷が鳴った後、インターネットが使えなくなってしまいました。",トラブルシューティングsb
"光BBユニットを配線しましたがBBフォンが使えません。（BBフォンランプが点灯しない）",トラブルシューティングsb
"無線LANの設定をしましたが、インターネットに接続できません。どうしたらいいですか？",トラブルシューティングsb
"BBフォンにしてから、ナンバーディスプレイに電話番号が表示されなくなりました。",トラブルシューティングsb
"BBフォンが使用できているか確認する方法はありますか？",トラブルシューティングsb
"WEBでの手続き中に「操作が受け付けられませんでした」というエラー画面が表示されます。対処方法を教えてください。",トラブルシューティングsb
"複数台のパソコンで同時にインターネット接続することはできますか？",トラブルシューティングsb
"無線LANの設定をしましたが、インターネットにつながりません。",トラブルシューティングsb
"無線LANを設定しても、インターネットにつながりません。",トラブルシューティングsb
"「メール サーバーにログオンできませんでした。 パスワードが拒否されました。」というエラーメッセージが表示されます。",トラブルシューティングsb
"タスクトレイの「ワイヤレスネットワーク接続」に×印がついていて、無線LANが利用できません。",トラブルシューティングsb
"メールソフトでメールアドレス（○○○@ybb.ne.jp）のメール送受信を行うための設定を教えてください。",トラブルシューティングsb
"OP25Bの影響でメールを送信できなくなった場合どうしたらいいですか？",トラブルシューティングsb
"IPv6 IPoE + IPv4 （IPv6高速ハイブリッド）接続方式を利用していますが、BBフォンの着信ができません。対処方法を教えてください。",トラブルシューティングsb
"0120で始まる番号にかけられない場合はどうしたらいいですか？",トラブルシューティングsb
"「送信者の電子メール アドレスが拒否されたため、メッセージを送信できませんでした。」というエラーメッセージが表示されます。",トラブルシューティングsb
"050から始まる番号を相手側に通知したくない場合はどうしたらいいですか？",トラブルシューティングsb
"公衆無線LANを利用したいのですが、ログイン画面が表示されません。",トラブルシューティングsb
"インターネットに接続するときに、ダイヤルアップ接続の画面が表示されます。対応方法を教えてください。",トラブルシューティングsb
"光 with フレッツ／光 フレッツコースのBBフォンは市外局番を省略してダイヤルできますか？",トラブルシューティングsb
"ひかり電話機能を利用してひかり電話で発信することができません。改善方法を教えてください。",トラブルシューティングsb
"デバイスマネージャの確認方法がわかりません。（Windows Vista）",トラブルシューティングsb
"モデム／光BBユニットに現在設定されているSSID、暗号化キーを確認する方法を教えてください。",トラブルシューティングsb
"BBフォン以外の電話を利用している際に、通話が切れてしまうことがあります。",トラブルシューティングsb
"［サービス ］NTT電話は使えるようになったが、インターネットが使えない。",トラブルシューティングsb
"FAXが利用できない場合どうしたらいいですか？",トラブルシューティングsb
"インターネット接続ができません。(ノーリンギングサービスやセキュリティシステムを利用している場合)",トラブルシューティングsb
"デバイスマネージャの確認方法がわかりません。（Windows XP）",トラブルシューティングsb
"他社IP電話に電話をかけると、発信先により表示される番号が違いますがどうしてですか？",トラブルシューティングsb
"メールソフトを利用していますが、同じメールが2通届きます。",トラブルシューティングsb
"BBフォンで他社携帯電話割引サービスは利用できますか？",トラブルシューティングsb
"ADSLモデムが熱くなっていますが、大丈夫ですか？",トラブルシューティングsb
"BBフォンで電話をかけているとき、外から電話がかかってきたらどうなりますか？　BBフォンで電話をかけているときに、時々「プープー」という音が鳴るのですが、これは何ですか？",トラブルシューティングsb
"番号通知リクエストに申し込みをしたが利用できません。どうしたらいいですか？",トラブルシューティングsb
"ネットワークブリッジの削除方法がわかりません。(Windows XP)",トラブルシューティングsb
"電話中しかインターネットができません。",トラブルシューティングsb
"［地デジ］チューナーは他の機器により使用中ですというメッセージが表示されます。対処方法を教えてください。",トラブルシューティングsb
"地デジViewerの動きが不安定になります。",トラブルシューティングsb
"一部のコレガ社製ルータでを利用できないと聞いたのですが。",トラブルシューティングsb
"［おまかせセットアップ］CD-ROMをパソコンに入れても自動的に起動しません。どうすればいいですか？",トラブルシューティングsb
"［地デジ］地デジViewerを起動したままパソコンがスリープ、休止状態になるとフリーズします。対処方法を教えてください。",トラブルシューティングsb
"無線LANカードのドライバのインストール方法を教えてください。（Windows XPの場合）",トラブルシューティングsb
"一部のアイ・オー・データ社製無線ルータでを利用できないと聞いたのですが。",トラブルシューティングsb
"［地デジ］拡張ディスプレイで視聴ができません。",トラブルシューティングsb
"ダイヤルアップ利用時のパソコンの設定方法が分かりません。",トラブルシューティングsb
"着信転送に申し込みをしたが利用できません。どうしたらいいですか？",トラブルシューティングsb
"ネットワークブリッジの削除方法がわかりません。(Windows Vista)",トラブルシューティングsb
"着信お断りサービスに申し込みをしたが利用できません。",トラブルシューティングsb
"パソコンの電源が勝手に入るようになってしまいました。",トラブルシューティングsb
"BBフォンから他社IP電話に電話をかけると、番号が表示されないのはどうしてですか？",トラブルシューティングsb
"タブレットでインターネットにつながりません。解決する方法はありますか？",トラブルシューティングsb
"［地デジ］地デジViewer視聴画面で「常に手前に表示」を設定しても設定が反映されません。対処方法を教えてください。",トラブルシューティングsb